review,actual_stars,predicted_stars,raw_response,valid_json,error
"We got here around midnight last Friday... the place was dead. However, they were still serving food and we enjoyed some well made pub grub. Service was friendly, quality cocktails were served, and the atmosphere is derived from an old Uno's, which certainly works for a sports bar. It being located in a somewhat commercial area, I can see why it's empty so late on a Friday. From what my friends tell me - this is a great spot for happy hour, and it stays relatively busy thru 10pm.

*UPDATE - Great patio for day-drinking on the weekends!",4.0,4.0,"[
  {
    ""review_id"": 6252,
    ""predicted_stars"": 4
  },
  {
    ""review_id"": 4684,
    ""predicted_stars"": 5
  },
  {
    ""review_id"": 1731,
    ""predicted_stars"": 3
  },
  {
    ""review_id"": 4742,
    ""predicted_stars"": 1
  },
  {
    ""review_id"": 4521,
    ""predicted_stars"": 5
  }
]",True,
Brought a friend from Louisiana here.  She says that the crawfish etouffee here is the best she's had outside of Louisiana!,5.0,5.0,"[
  {
    ""review_id"": 6252,
    ""predicted_stars"": 4
  },
  {
    ""review_id"": 4684,
    ""predicted_stars"": 5
  },
  {
    ""review_id"": 1731,
    ""predicted_stars"": 3
  },
  {
    ""review_id"": 4742,
    ""predicted_stars"": 1
  },
  {
    ""review_id"": 4521,
    ""predicted_stars"": 5
  }
]",True,
"Every friday, my dad and I eat here. We order the same thing... pizza wraps. they are good and fillng. iced tea hits the spot. Typical strip mall pizza.",3.0,3.0,"[
  {
    ""review_id"": 6252,
    ""predicted_stars"": 4
  },
  {
    ""review_id"": 4684,
    ""predicted_stars"": 5
  },
  {
    ""review_id"": 1731,
    ""predicted_stars"": 3
  },
  {
    ""review_id"": 4742,
    ""predicted_stars"": 1
  },
  {
    ""review_id"": 4521,
    ""predicted_stars"": 5
  }
]",True,
"My husband and I were really, really disappointed with our experience at Coulter Infiniti.  We brought our 2006 G37 with barely 34,000 miles (and out of warranty) to have the moon roof looked at.  The moon roof wouldn't open or close, but you could hear the motor working.

After leaving the car there all day we get a call that the car needs a whole new moon roof track - which would cost over $3000.  We contacted their corporate office to attempt to get some or all of the cost covered, due to the fact that it's a big repair and the car  is barely out of warranty.  We were flat out denied.  Twic",1.0,1.0,"[
  {
    ""review_id"": 6252,
    ""predicted_stars"": 4
  },
  {
    ""review_id"": 4684,
    ""predicted_stars"": 5
  },
  {
    ""review_id"": 1731,
    ""predicted_stars"": 3
  },
  {
    ""review_id"": 4742,
    ""predicted_stars"": 1
  },
  {
    ""review_id"": 4521,
    ""predicted_stars"": 5
  }
]",True,
"Love this place!  Was in phoenix 3 weeks for work.  Ate here 3 times.  The squid salad is amazing!  They also have sushi, bibimbap, and tons of other items.  Must try!",5.0,5.0,"[
  {
    ""review_id"": 6252,
    ""predicted_stars"": 4
  },
  {
    ""review_id"": 4684,
    ""predicted_stars"": 5
  },
  {
    ""review_id"": 1731,
    ""predicted_stars"": 3
  },
  {
    ""review_id"": 4742,
    ""predicted_stars"": 1
  },
  {
    ""review_id"": 4521,
    ""predicted_stars"": 5
  }
]",True,
"This hotel is in a good location for getting to the sports venues downtown, the convention center or to just be in the heart of the city. Granted, it is about a 7 block walk to most of those places, but the lower price and FREE parking definitely make it worthwhile. I usually stay in Scottsdale when i am here for spring training, but I was here for a conference and walked to the convention center each day with no problems. It made sense to be downtown instead of Scottsdale. The hotel is clean, the rooms are nice and big and the free breakfast is decent. I did not visit the pool, so I cannot co",4.0,4.0,"[
  {
    ""review_id"": 6340,
    ""predicted_stars"": 4
  },
  {
    ""review_id"": 576,
    ""predicted_stars"": 4
  },
  {
    ""review_id"": 5202,
    ""predicted_stars"": 5
  },
  {
    ""review_id"": 6363,
    ""predicted_stars"": 5
  },
  {
    ""review_id"": 439,
    ""predicted_stars"": 1
  }
]",True,
"I love that this place has top seafood plates and choices. The services is hit and miss but once i went in with three friends and we sat at the sushi bar and they saw we weren't getting service they grabbed our order right away. Happy hour is good and drinks aren't expensive anyhow so drinkers celebrate! Cherry roll (i do it without sauce), octopus, anything with their eels, i love the quality of salmon as well. The best part is that FOOD IS SERVED TILL 2AM!!",4.0,4.0,"[
  {
    ""review_id"": 6340,
    ""predicted_stars"": 4
  },
  {
    ""review_id"": 576,
    ""predicted_stars"": 4
  },
  {
    ""review_id"": 5202,
    ""predicted_stars"": 5
  },
  {
    ""review_id"": 6363,
    ""predicted_stars"": 5
  },
  {
    ""review_id"": 439,
    ""predicted_stars"": 1
  }
]",True,
Awesome if you like ramen...even awesomer if you like boba tea!!!,4.0,5.0,"[
  {
    ""review_id"": 6340,
    ""predicted_stars"": 4
  },
  {
    ""review_id"": 576,
    ""predicted_stars"": 4
  },
  {
    ""review_id"": 5202,
    ""predicted_stars"": 5
  },
  {
    ""review_id"": 6363,
    ""predicted_stars"": 5
  },
  {
    ""review_id"": 439,
    ""predicted_stars"": 1
  }
]",True,
"Great place for a ""home office"" morning. One of my favorite places - indoor & outdoor seating. Always busy - they offer breakfast & lunch, their food is awesome! Very generous portions.",5.0,5.0,"[
  {
    ""review_id"": 6340,
    ""predicted_stars"": 4
  },
  {
    ""review_id"": 576,
    ""predicted_stars"": 4
  },
  {
    ""review_id"": 5202,
    ""predicted_stars"": 5
  },
  {
    ""review_id"": 6363,
    ""predicted_stars"": 5
  },
  {
    ""review_id"": 439,
    ""predicted_stars"": 1
  }
]",True,
"1 star for service, but the food is not ok :( they literally put 4 pieces of chicken on my taco. I let that go & figured was a mistake. When I went again, ordered different item & same result. Little to no meat. I will not be going back.",1.0,1.0,"[
  {
    ""review_id"": 6340,
    ""predicted_stars"": 4
  },
  {
    ""review_id"": 576,
    ""predicted_stars"": 4
  },
  {
    ""review_id"": 5202,
    ""predicted_stars"": 5
  },
  {
    ""review_id"": 6363,
    ""predicted_stars"": 5
  },
  {
    ""review_id"": 439,
    ""predicted_stars"": 1
  }
]",True,
"Good food and able to manage a large group easily. Our party had 11 and there wasn't a long wait at all. Highlights: spinach and artichoke dip, onion rings, and tortilla soup. Total tab was only $160 for the whole group.",4.0,5.0,"[
  {
    ""review_id"": 2750,
    ""predicted_stars"": 5
  },
  {
    ""review_id"": 7487,
    ""predicted_stars"": 5
  },
  {
    ""review_id"": 5272,
    ""predicted_stars"": 5
  },
  {
    ""review_id"": 5653,
    ""predicted_stars"": 5
  },
  {
    ""review_id"": 3999,
    ""predicted_stars"": 5
  }
]",True,
"This place is great!
If you talk to anybody they have a suggestion for a great flavor.
You can bring in food from another place to enjoy and just enjoy a great atmosphere.
With the music that someone has an issue with you can just talk to the DJ to get a suggestion they are MORE than accommodating.
They have a great happy hour prices! 
Overall great prices, great people, and a great time! If you have the right mind :)",5.0,5.0,"[
  {
    ""review_id"": 2750,
    ""predicted_stars"": 5
  },
  {
    ""review_id"": 7487,
    ""predicted_stars"": 5
  },
  {
    ""review_id"": 5272,
    ""predicted_stars"": 5
  },
  {
    ""review_id"": 5653,
    ""predicted_stars"": 5
  },
  {
    ""review_id"": 3999,
    ""predicted_stars"": 5
  }
]",True,
Air Jordan! need I say more?,3.0,5.0,"[
  {
    ""review_id"": 2750,
    ""predicted_stars"": 5
  },
  {
    ""review_id"": 7487,
    ""predicted_stars"": 5
  },
  {
    ""review_id"": 5272,
    ""predicted_stars"": 5
  },
  {
    ""review_id"": 5653,
    ""predicted_stars"": 5
  },
  {
    ""review_id"": 3999,
    ""predicted_stars"": 5
  }
]",True,
"There are many other reviews which extol the virtues of this location. I just wanted to add some of my experiences as well as a few observations.

First off, at the time of this writing I've been in Phoenix for about a year. Learning about all the necessary places to go in a new town, I had the opportunity to rate businesses objectively (not like 'My mom always went there so I do too...')

Fry's became a standard 'go to' place. Their hours are great (5 AM to 1 AM). There are many locations, and their prices are very competitive. They also have a convenient VIP card and electronic coupon progra",4.0,5.0,"[
  {
    ""review_id"": 2750,
    ""predicted_stars"": 5
  },
  {
    ""review_id"": 7487,
    ""predicted_stars"": 5
  },
  {
    ""review_id"": 5272,
    ""predicted_stars"": 5
  },
  {
    ""review_id"": 5653,
    ""predicted_stars"": 5
  },
  {
    ""review_id"": 3999,
    ""predicted_stars"": 5
  }
]",True,
"TJ was there for me when my water heater broke and started flooding my garage.  He walked me through fixing it over the phone until he was able to send some help to my house.  Very grateful, and I will continue referring!",5.0,5.0,"[
  {
    ""review_id"": 2750,
    ""predicted_stars"": 5
  },
  {
    ""review_id"": 7487,
    ""predicted_stars"": 5
  },
  {
    ""review_id"": 5272,
    ""predicted_stars"": 5
  },
  {
    ""review_id"": 5653,
    ""predicted_stars"": 5
  },
  {
    ""review_id"": 3999,
    ""predicted_stars"": 5
  }
]",True,
"So I was pretty excited about this burger joint opening since it's President Obama's favorite... 
The burger was good. Not great, not bland, just okay. My biggest hang up with this restaurant are the prices! Skip the beverage... it's very over priced. I was also not impressed with the fries- regular or cajun. They were pretty average as well. Stick with the burger and skip the rest is my suggestion to you.",2.0,3.0,"[  
   {  
      ""review_id"": 6033,
      ""predicted_stars"": 3
   },
   {  
      ""review_id"": 582,
      ""predicted_stars"": 2
   },
   {  
      ""review_id"": 9930,
      ""predicted_stars"": 4
   },
   {  
      ""review_id"": 7051,
      ""predicted_stars"": 5
   },
   {  
      ""review_id"": 8158,
      ""predicted_stars"": 4
   }
]",True,
"I really don't consider myself a Neiman's type of girl...
As a matter of fact, I don't really feel comfortable in Neiman's - it's extremely 'fancy' and high end for me.  But, I've gone in a handful of times and even bought a dress or two on sale at Neiman's in the past.  I admit, the quality associated with the designer labels at this store is pretty amazing.

Anyways, I felt some major pressure to register at Neiman's from my mom, so I met my mother-in-law-to-be at this Neiman's location on Sunday.  The housewares / registry department is extremely small... and although the woman working was ",4.0,2.0,"[  
   {  
      ""review_id"": 6033,
      ""predicted_stars"": 3
   },
   {  
      ""review_id"": 582,
      ""predicted_stars"": 2
   },
   {  
      ""review_id"": 9930,
      ""predicted_stars"": 4
   },
   {  
      ""review_id"": 7051,
      ""predicted_stars"": 5
   },
   {  
      ""review_id"": 8158,
      ""predicted_stars"": 4
   }
]",True,
"I have been trying to reduce my caloric intake and found out that at Red Robin you can order a ""petite"" burger. It is smaller but has the same toppings you order on the regular. So for those of you that don't want to have a burger that is 1000 calories (yes they are and more with the endless fries) , try the petite.",4.0,4.0,"[  
   {  
      ""review_id"": 6033,
      ""predicted_stars"": 3
   },
   {  
      ""review_id"": 582,
      ""predicted_stars"": 2
   },
   {  
      ""review_id"": 9930,
      ""predicted_stars"": 4
   },
   {  
      ""review_id"": 7051,
      ""predicted_stars"": 5
   },
   {  
      ""review_id"": 8158,
      ""predicted_stars"": 4
   }
]",True,
Great pizza and awesome must have guacamole pizza appitizer!!!!,5.0,5.0,"[  
   {  
      ""review_id"": 6033,
      ""predicted_stars"": 3
   },
   {  
      ""review_id"": 582,
      ""predicted_stars"": 2
   },
   {  
      ""review_id"": 9930,
      ""predicted_stars"": 4
   },
   {  
      ""review_id"": 7051,
      ""predicted_stars"": 5
   },
   {  
      ""review_id"": 8158,
      ""predicted_stars"": 4
   }
]",True,
"This is a quaint little airport which is very convenient if you are travelling to the Tempe/Mesa area, or already know people who live there.  I say it's convenient-- if you are flying in from Grand Island or Grand Forks or Rapid City or East Bugtussel, since the only commercial tenant at this decomissioned air force base is Allegiant Airlines, which specializes in flying you from nowhere to somewhere (Phoenix, Las Vegas, Orlando that sort of thing).  

But from landing to sitting in my rental car it was maybe 20 minutes tops and I was heading out to lunch in the Phoenix area (don't bother wit",5.0,4.0,"[  
   {  
      ""review_id"": 6033,
      ""predicted_stars"": 3
   },
   {  
      ""review_id"": 582,
      ""predicted_stars"": 2
   },
   {  
      ""review_id"": 9930,
      ""predicted_stars"": 4
   },
   {  
      ""review_id"": 7051,
      ""predicted_stars"": 5
   },
   {  
      ""review_id"": 8158,
      ""predicted_stars"": 4
   }
]",True,
"Headed back to Lobby's. How I missed this tasty burger. I wasn't disappointed with round 2. The burger was still fantastic! I'm also happy that the fries were a little bit less salty than my previous trip. 

With any burger purchase, getting the combo pack (fries/soda) is the smart choice.

I do wish that they would lose the styrofoam soda cups and offer more than one size of drinks.

Make sure to grab plenty of napkins before you sit down. The burger can make a mess with the homemade sauce dripping off the meat and bun. That's a good thing in my opinion!",5.0,5.0,"[
  {
    ""review_id"": 9896,
    ""predicted_stars"": 5
  },
  {
    ""review_id"": 2249,
    ""predicted_stars"": 5
  },
  {
    ""review_id"": 4640,
    ""predicted_stars"": 1
  },
  {
    ""review_id"": 9485,
    ""predicted_stars"": 4
  },
  {
    ""review_id"": 4947,
    ""predicted_stars"": 5
  }
]",True,
"Simple but really great cajun food prepared in steamers right in front of you.  Selections include gumbo, pan roasts (a tomato-based broth with chunks of seafood), or seafood creole all with your choice of shrimp, crab, chicken, crawfish, oysters, or all five, with rice. They also have fresh oysters, jumbo shrimp cocktails, salads, and tasty seafood chowder, as well as the occasional lobster special. I've been probably 20 times and still never had a bad dish. The staff is friendly and helpful, and will adjust the spiciness of the dishes to your taste. By far the best option at the Talking Stic",5.0,5.0,"[
  {
    ""review_id"": 9896,
    ""predicted_stars"": 5
  },
  {
    ""review_id"": 2249,
    ""predicted_stars"": 5
  },
  {
    ""review_id"": 4640,
    ""predicted_stars"": 1
  },
  {
    ""review_id"": 9485,
    ""predicted_stars"": 4
  },
  {
    ""review_id"": 4947,
    ""predicted_stars"": 5
  }
]",True,
"Staff was very rude, bowling prices weren't displayed to the best of their ability, extreme bowling itself was over priced almost $20 per person. The only thing about their extreme bowling was that it was extremely hot, temperature wise. they had many ceiling fans and not one of them turned on. And the bowling equipment malfunctioned three times during our games. It was not a pleasant experience and I don't believe we'll be going to this facility again.",1.0,1.0,"[
  {
    ""review_id"": 9896,
    ""predicted_stars"": 5
  },
  {
    ""review_id"": 2249,
    ""predicted_stars"": 5
  },
  {
    ""review_id"": 4640,
    ""predicted_stars"": 1
  },
  {
    ""review_id"": 9485,
    ""predicted_stars"": 4
  },
  {
    ""review_id"": 4947,
    ""predicted_stars"": 5
  }
]",True,
"The staff is really helpful.  I arrived without credit card due to a travel mishap and they were great about providing assistance to get me to a bank to help clear things up.  Their bell staff is friendly and knowledgable.  They can and will get you anywhere in town.  

Room was okay.  Clean, well furnished and updated.  I had a window overlooking the courtyard and I would recommend avoiding that.  It can get a little loud at night.  

Banquet food was good.  Not great, but good and plentiful.  Good variety of dishes for everyone from salads and sandwiches to hot dishes.  A few of the items we",4.0,4.0,"[
  {
    ""review_id"": 9896,
    ""predicted_stars"": 5
  },
  {
    ""review_id"": 2249,
    ""predicted_stars"": 5
  },
  {
    ""review_id"": 4640,
    ""predicted_stars"": 1
  },
  {
    ""review_id"": 9485,
    ""predicted_stars"": 4
  },
  {
    ""review_id"": 4947,
    ""predicted_stars"": 5
  }
]",True,
"Someone asked the question in the Yelp talk threads where the best place was for fried things, like french fries and onion rings.  Several people said Ted's had great onion rings......so off I went!  

I expected a smaller place but I was pleasantly suprised when I pulled up to a medium sized store.  I was greated with a smile and asked what I would like.  It was a Sunday afternoon so they were not very busy.  I liked the fact that you tell them what you want and they toss it on the grill right in front of you.  Everything is freshly cooked.  They did the same with the onion rings and french f",4.0,5.0,"[
  {
    ""review_id"": 9896,
    ""predicted_stars"": 5
  },
  {
    ""review_id"": 2249,
    ""predicted_stars"": 5
  },
  {
    ""review_id"": 4640,
    ""predicted_stars"": 1
  },
  {
    ""review_id"": 9485,
    ""predicted_stars"": 4
  },
  {
    ""review_id"": 4947,
    ""predicted_stars"": 5
  }
]",True,
"After browsing at the Bookman's next door, we were feeling hungry and were tempted by the notion of tasty burritos.  We ended up getting non-burrito meals, but were fully satisfied with our entrees.  The green chile plate was filled with perfectly cooked pork with a spicy tomatillo sauce that went well with the pork.  The horchata tasted freshly made and was very refreshing and light.  Overall, I think Big Burrito is a good option for those that want a filling meal without breaking your wallet.",4.0,4.0,"[
  {
    ""review_id"": 9920,
    ""predicted_stars"": 4
  },
  {
    ""review_id"": 1963,
    ""predicted_stars"": 1
  },
  {
    ""review_id"": 8243,
    ""predicted_stars"": 4
  },
  {
    ""review_id"": 6590,
    ""predicted_stars"": 2
  },
  {
    ""review_id"": 8847,
    ""predicted_stars"": 1
  }
]",True,
Prices are often way too high!,1.0,1.0,"[
  {
    ""review_id"": 9920,
    ""predicted_stars"": 4
  },
  {
    ""review_id"": 1963,
    ""predicted_stars"": 1
  },
  {
    ""review_id"": 8243,
    ""predicted_stars"": 4
  },
  {
    ""review_id"": 6590,
    ""predicted_stars"": 2
  },
  {
    ""review_id"": 8847,
    ""predicted_stars"": 1
  }
]",True,
"I have been to this place twice so far.  The first time I had no idea what to expect since I never heard of it before.  I honestly have no idea what to compare it to but I guess the closest thing is Texas Road House judging by the reviews here on Yelp.  Anyway, I know its not the classiest joint with the best food, but anything is worth a fair shot.  The first time my wife and I went we were in the area doing some shopping and just wanted something quick and casual for dinner.  We didn't expect anything great but to be honest our expectations were exceeded.

The happy hour is pretty good.  $3 ",4.0,4.0,"[
  {
    ""review_id"": 9920,
    ""predicted_stars"": 4
  },
  {
    ""review_id"": 1963,
    ""predicted_stars"": 1
  },
  {
    ""review_id"": 8243,
    ""predicted_stars"": 4
  },
  {
    ""review_id"": 6590,
    ""predicted_stars"": 2
  },
  {
    ""review_id"": 8847,
    ""predicted_stars"": 1
  }
]",True,
"The wood saw is always out of service...
The garden department is nice, but the staff is a little strange.

This location never seems to be busy, so check out times are short. 
The prices are higher than ""another"" home improvement store just east on Baseline.

Meh.",2.0,2.0,"[
  {
    ""review_id"": 9920,
    ""predicted_stars"": 4
  },
  {
    ""review_id"": 1963,
    ""predicted_stars"": 1
  },
  {
    ""review_id"": 8243,
    ""predicted_stars"": 4
  },
  {
    ""review_id"": 6590,
    ""predicted_stars"": 2
  },
  {
    ""review_id"": 8847,
    ""predicted_stars"": 1
  }
]",True,
"I've never been to a restaurant where we (a party of 6 with a reservation) sat at a cleared table with no water, no bread, no cutlery, no service for 15 minutes before receiving a menu .... when we finally had someone provide a menu, it then took another 15 minutes to get the wine we ordered. 
Still no bread, still no food. 

The server dumped the wine bottle on the table (unopened), and went to find glasses. 10 minutes later she then threw the bottle opener at our table so we could open the wine ourselves while she went to find glasses. Most (!?!) of the wine glasses arrived within the next 1",2.0,1.0,"[
  {
    ""review_id"": 9920,
    ""predicted_stars"": 4
  },
  {
    ""review_id"": 1963,
    ""predicted_stars"": 1
  },
  {
    ""review_id"": 8243,
    ""predicted_stars"": 4
  },
  {
    ""review_id"": 6590,
    ""predicted_stars"": 2
  },
  {
    ""review_id"": 8847,
    ""predicted_stars"": 1
  }
]",True,
"My wife and I live around the corner, hadn't eaten here in a few months. We got food for take out, Mongolian beef,kung po chicken,pad Thai noodles.  Mongolian beef, there were more white onions then scallions and it was very bland. Kung po chicken,lots of white meat chicken the whole dish only had one peanut and the taste of this dish was non existent. Very very Blah... Pad Thai noodles,the dish was dry and came out of the container in one giant clump. It tasted like plain noodles, i was glad I had peanut sauce in the fridge to,add to it. Then it was edible .... We will not be going back to G@",1.0,1.0,"[
  {
    ""review_id"": 321,
    ""predicted_stars"": 1
  },
  {
    ""review_id"": 2678,
    ""predicted_stars"": 3
  },
  {
    ""review_id"": 4625,
    ""predicted_stars"": 4
  },
  {
    ""review_id"": 4949,
    ""predicted_stars"": 5
  },
  {
    ""review_id"": 8328,
    ""predicted_stars"": 5
  }
]",True,
"Ok, so I have to share my morning experience. But first I must start off by saying this: I'm no moron. Honest. 

So, this morning I stopped for gas. My tank was getting dangerously low and there was no way I'd make it to work. That's okay, for I allotted time this morning for re-filling my tank. From my casa, I turned East on Indian School, vaguely remembering there's a Quick Trip nearby. Perfect. I had stopped there before. 

But it wasn't a Quick Trip I saw at the corner of Central and Indian School. Not wanting to risk running out of gas, I opted to stop here, at this ampm station. 

I pull",1.0,3.0,"[
  {
    ""review_id"": 321,
    ""predicted_stars"": 1
  },
  {
    ""review_id"": 2678,
    ""predicted_stars"": 3
  },
  {
    ""review_id"": 4625,
    ""predicted_stars"": 4
  },
  {
    ""review_id"": 4949,
    ""predicted_stars"": 5
  },
  {
    ""review_id"": 8328,
    ""predicted_stars"": 5
  }
]",True,
"Found this place by accident.  Not the greatest location.

The pulled pork rates about an 8 on my scale.  Didn't need sauce, but the sauce (sweet) was good.  The Ranch beans are a tad spicy but still good.  The slaw needs a little help.

I will definitely go back and sample the rest of the menu.",3.0,4.0,"[
  {
    ""review_id"": 321,
    ""predicted_stars"": 1
  },
  {
    ""review_id"": 2678,
    ""predicted_stars"": 3
  },
  {
    ""review_id"": 4625,
    ""predicted_stars"": 4
  },
  {
    ""review_id"": 4949,
    ""predicted_stars"": 5
  },
  {
    ""review_id"": 8328,
    ""predicted_stars"": 5
  }
]",True,
"I'm a little bit country. I'm a little bit rock n roll...thank you Donny and Marie. Pinnacle Peak General Store is all country baby. 100% U.S. grade countrilicous! Well, ok, it's in North Scottsdale so it's got a pretty yuppified clientele. Part gas station, convienence store, cafe and post office....this is the cutest place ever. Was kinda my morning hang when I lived at DCRanch. Cup o joe, and the #1 Breakfast with 1 pancake, 2 eggs and bacon. I'm tellin' ya...it's good. Hard to screw up bacon and eggs so I'll rave about my pcake...a bit crispy around the edges and full of buttermilk flavor.",4.0,5.0,"[
  {
    ""review_id"": 321,
    ""predicted_stars"": 1
  },
  {
    ""review_id"": 2678,
    ""predicted_stars"": 3
  },
  {
    ""review_id"": 4625,
    ""predicted_stars"": 4
  },
  {
    ""review_id"": 4949,
    ""predicted_stars"": 5
  },
  {
    ""review_id"": 8328,
    ""predicted_stars"": 5
  }
]",True,
"This subway is one of the cleanest, and most efficient subways I have EVER been to.  I've only been in the evenings, but I have to say every time I walk in, someone is always cleaning something.  Their employees are friendly and the food under the glass is fresh looking and appetizing and in their own bins.  Sometimes you can go to a subway and the prep area is a wreck. Thats what makes this Subway so great. Everything is in it's place, and orderly and makes you feel like they take pride in their work.  Absolutely I will go here again, and I can't say that about many Subways unfortunately.",5.0,5.0,"[
  {
    ""review_id"": 321,
    ""predicted_stars"": 1
  },
  {
    ""review_id"": 2678,
    ""predicted_stars"": 3
  },
  {
    ""review_id"": 4625,
    ""predicted_stars"": 4
  },
  {
    ""review_id"": 4949,
    ""predicted_stars"": 5
  },
  {
    ""review_id"": 8328,
    ""predicted_stars"": 5
  }
]",True,
"I agree with the other reviewers.. Ink bomb is definitely a shop that has a family vibe. All the tattooers are down to earth and have you, their customer in mind. There are usually 3 or 4 tattooers there, giving you a wide variety on technique, style, and experience.. all of which are important when picking your tattooer. I suggest always going in and having a consultation and looking at each persons portfolio to choose someone who fits your style whether it be ""New school"" or ""Traditional""   This shop has on open layout and a friendly vibe which allows your to let your guard down a bit.. beca",5.0,5.0,"[
  {
    ""review_id"": 3337,
    ""predicted_stars"": 5
  },
  {
    ""review_id"": 5589,
    ""predicted_stars"": 5
  },
  {
    ""review_id"": 251,
    ""predicted_stars"": 4
  },
  {
    ""review_id"": 3973,
    ""predicted_stars"": 4
  },
  {
    ""review_id"": 6630,
    ""predicted_stars"": 1
  }
]",True,
"Simply the best sandwiches I have ever tasted.

The Mozarella, Tomato, Basil is perfect. The focaccia bread is perfectly crunchy and slightly salted to the consummate texture.

I wish I still worked closer...",5.0,5.0,"[
  {
    ""review_id"": 3337,
    ""predicted_stars"": 5
  },
  {
    ""review_id"": 5589,
    ""predicted_stars"": 5
  },
  {
    ""review_id"": 251,
    ""predicted_stars"": 4
  },
  {
    ""review_id"": 3973,
    ""predicted_stars"": 4
  },
  {
    ""review_id"": 6630,
    ""predicted_stars"": 1
  }
]",True,
"Went here today Sunday about 8:50 and it was crowded but not to bad, about 1/2 hour wait. Im warning you now, dont ask how much longer after you put your name in if they told you how long when you checked in. 

About 10am is when it really got packed, just about when we got done. I ordered the chicken and waffles and i really liked it. I asked for some butter for my waffle because it didnt come with any and it made the dish perfect for me. The chicken had great flavor and when you take a bite with the waffle and butter and the syrup, heaven. I tried some bites without the butter and it wasnt e",5.0,4.0,"[
  {
    ""review_id"": 3337,
    ""predicted_stars"": 5
  },
  {
    ""review_id"": 5589,
    ""predicted_stars"": 5
  },
  {
    ""review_id"": 251,
    ""predicted_stars"": 4
  },
  {
    ""review_id"": 3973,
    ""predicted_stars"": 4
  },
  {
    ""review_id"": 6630,
    ""predicted_stars"": 1
  }
]",True,
"Great BBQ, although not a huge fan of the cafeteria style ordering. I have been twice, I got the brisket sandwich one time and ribs the next. Both were delicious. I added  bbq sauce to the ribs because I thought they needed it. Try the homemade root beer at least once, too. YUM. We got there just in time ( a bit before 6 on a Friday night)  as we were leaving the line was 3x as long...out the door and around the corner.  Oh FYI...for sides I got the beans (loved them) and my kids said the macaroni and cheese was good. Dad wasn't impressed with the coleslaw.",4.0,4.0,"[
  {
    ""review_id"": 3337,
    ""predicted_stars"": 5
  },
  {
    ""review_id"": 5589,
    ""predicted_stars"": 5
  },
  {
    ""review_id"": 251,
    ""predicted_stars"": 4
  },
  {
    ""review_id"": 3973,
    ""predicted_stars"": 4
  },
  {
    ""review_id"": 6630,
    ""predicted_stars"": 1
  }
]",True,
Well I just wasted 38 bucks....never again,2.0,1.0,"[
  {
    ""review_id"": 3337,
    ""predicted_stars"": 5
  },
  {
    ""review_id"": 5589,
    ""predicted_stars"": 5
  },
  {
    ""review_id"": 251,
    ""predicted_stars"": 4
  },
  {
    ""review_id"": 3973,
    ""predicted_stars"": 4
  },
  {
    ""review_id"": 6630,
    ""predicted_stars"": 1
  }
]",True,
"While staying at The Pointe Hilton Tapatio, we decided to eat here for our anniversary dinner. To sum it up, I've had everything better somewhere else. Nothing blew my socks off. 

Hubby is eating mostly vegetarian right now (due to a health concern), and he did really like his ""wild mushroom"" rigatoni. We weren't sure what was so ""wild"" about criminis and portobellos, but the pasta was in a light sauce with plenty of other veggies. His French Onion Soup was better at Capital Grille, my antipasto plate was far better at Craftsteak, and my ribeye was far better at 1130. They did serve a neat we",3.0,2.0,"[
  {
    ""review_id"": 5547,
    ""predicted_stars"": 2
  },
  {
    ""review_id"": 35,
    ""predicted_stars"": 1
  },
  {
    ""review_id"": 8362,
    ""predicted_stars"": 1
  },
  {
    ""review_id"": 1513,
    ""predicted_stars"": 3
  },
  {
    ""review_id"": 9317,
    ""predicted_stars"": 5
  }
]",True,
"I've eaten here many times, but none as bad as last night.
Service was excellent, and highly attentive.
Food, absolutely horrible.

My expectation was they would serve a steak on par with their seafood. After all, they were charging 39 bucks for a ribeye. 
What I was hoping for was a 1- 1-1/2' thick steak, cooked Pittsburgh style as I had ordered. 
What I got a a 3/4 in thick piece of meat that was mostly fat, gristle, and in no way resembled Pittsburgh Style. 
Salad, similar to something you could get at Chick Filet
Veggies, blah.
Bread basket, ample, but day old, and if not, it certainly was",1.0,1.0,"[
  {
    ""review_id"": 5547,
    ""predicted_stars"": 2
  },
  {
    ""review_id"": 35,
    ""predicted_stars"": 1
  },
  {
    ""review_id"": 8362,
    ""predicted_stars"": 1
  },
  {
    ""review_id"": 1513,
    ""predicted_stars"": 3
  },
  {
    ""review_id"": 9317,
    ""predicted_stars"": 5
  }
]",True,
"Some of my friends brought me here last night and the first thing that came into my mind was that this was a set up for To Catch A Predator. I was ready for Chris Hansen to pop out and grill me with, ""What are you doing here?"" If you feel like Kubrick's Lolita really speaks to you, as in it mirrors your life, then you've found a place to feel comfortable in your pervert skin.

If you're of age to consume alcohol, they've got a bar here. The thing about this bar though is that they're really sloppy about pouring drinks, ie. a Manhattan should not taste like a barber's cleaning solution. The dec",1.0,1.0,"[
  {
    ""review_id"": 5547,
    ""predicted_stars"": 2
  },
  {
    ""review_id"": 35,
    ""predicted_stars"": 1
  },
  {
    ""review_id"": 8362,
    ""predicted_stars"": 1
  },
  {
    ""review_id"": 1513,
    ""predicted_stars"": 3
  },
  {
    ""review_id"": 9317,
    ""predicted_stars"": 5
  }
]",True,
"Uh-oh. Where am I? 

The view from atop the mountain is superb. The city can be seen in all directions. Look, there's Downtown 1 and Downtown 2. And a bunch of houses under construction. And look at that sky. Wowza. 

Ok, so stopping to enjoy the view is one thing. Stopping to figure out where the hell you are is another. ""Don't worry,"" I told my friend. ""This city is laid out in a grid. If anything, we can walk down the other side of the mountain and cut back across on the street."" Oh, little did I know. 

Let me give you the back story. I've been to South Mountain twice. The first time was C",3.0,3.0,"[
  {
    ""review_id"": 5547,
    ""predicted_stars"": 2
  },
  {
    ""review_id"": 35,
    ""predicted_stars"": 1
  },
  {
    ""review_id"": 8362,
    ""predicted_stars"": 1
  },
  {
    ""review_id"": 1513,
    ""predicted_stars"": 3
  },
  {
    ""review_id"": 9317,
    ""predicted_stars"": 5
  }
]",True,
"Mmmmm, Mmmmmm, Great food.  The popcorn shrimp here are to die for-they leave a wonderful lasting impression.  So does their desert plate...The service was wonderful and quick and attending to us.  Also, we had been lounging at the pool all day and were not looking so sharp but they didn't seem to have a dress code or anything as they were more than welcoming.  It is a bit pricey but i'm not sure you can expect anything less when going to a W Hotel.  I recommend this place to anyone who wants a more chic sushi experience, cool atmosphere, doesn't mind paying the extra dollar and enjoys tasty f",4.0,5.0,"[
  {
    ""review_id"": 5547,
    ""predicted_stars"": 2
  },
  {
    ""review_id"": 35,
    ""predicted_stars"": 1
  },
  {
    ""review_id"": 8362,
    ""predicted_stars"": 1
  },
  {
    ""review_id"": 1513,
    ""predicted_stars"": 3
  },
  {
    ""review_id"": 9317,
    ""predicted_stars"": 5
  }
]",True,
"Decor  functional 
Staff friendly and are really kind to our toddler
food rocks  within my  limited range of  red and yellow curries ( so much so they suggested I try something else, hey it's not my fault these are so good that I didn't want to risk anything lesser. 

Prices are a bargain for entrees,  spice is there, they really get the request to make it very very hot.   This is probably the best bargain  in North Phoenix for  spice hounds",4.0,5.0,"[
  {
    ""review_id"": 39,
    ""predicted_stars"": 5
  },
  {
    ""review_id"": 4819,
    ""predicted_stars"": 4
  },
  {
    ""review_id"": 3465,
    ""predicted_stars"": 5
  },
  {
    ""review_id"": 1760,
    ""predicted_stars"": 4
  },
  {
    ""review_id"": 2304,
    ""predicted_stars"": 1
  }
]",True,
"I was looking for a comforter for my new bed when I realized that this B,B, and B was close by so I stopped in to look around.  This is a nice store, It was organized well and the sales people were nice, not pushy.  I did not find a comforter but I did find several other things.  They have a nice selection of quality products and those 20% off coupons I get in the mail aren't bad either.  Prices can be a little high on some things but with that coupon they are about right.  I spent about an hour browsing through the store. They have a great knife section, coffee pots, food processor and all ma",4.0,4.0,"[
  {
    ""review_id"": 39,
    ""predicted_stars"": 5
  },
  {
    ""review_id"": 4819,
    ""predicted_stars"": 4
  },
  {
    ""review_id"": 3465,
    ""predicted_stars"": 5
  },
  {
    ""review_id"": 1760,
    ""predicted_stars"": 4
  },
  {
    ""review_id"": 2304,
    ""predicted_stars"": 1
  }
]",True,
"I had lunch today at CASK 63 with a banker to discuss our collective power to create business in the Phoenix Market. I HAD THE ABSOLUTE BEST CRAB SALAD, I've had since leaving the Gulf Coast of Mississippi. Red Crab Salad....fresh, clean, sweet, crisp..light...in a very well appointed setting. Very  good iced teas as well....hard to find in Phoenix.....Go there...Eat there...you will like it..and we might see one another...who knows...be like nike..just do it...:)",5.0,5.0,"[
  {
    ""review_id"": 39,
    ""predicted_stars"": 5
  },
  {
    ""review_id"": 4819,
    ""predicted_stars"": 4
  },
  {
    ""review_id"": 3465,
    ""predicted_stars"": 5
  },
  {
    ""review_id"": 1760,
    ""predicted_stars"": 4
  },
  {
    ""review_id"": 2304,
    ""predicted_stars"": 1
  }
]",True,
"While I'm a sushi fan, my husband is a sushi FIEND - we made biweekly trips to his favorite haunt in NYC (Monster Sushi) and if he was on his own for dinner, I could always count on him to be there for a bite.  After relocating to Phoenix, he'd been jonesing hardcore for non-commercial, non-fussy sushi in epic proportions served with a smile.  Our trusted source told us that Kyoto was their favorite and we had to indulge.  The mixed views on Yelp made be a tad nervous, but I like to give places an unbiased chance.  Very glad that I did.

The interior of the place is a little strange given the ",4.0,4.0,"[
  {
    ""review_id"": 39,
    ""predicted_stars"": 5
  },
  {
    ""review_id"": 4819,
    ""predicted_stars"": 4
  },
  {
    ""review_id"": 3465,
    ""predicted_stars"": 5
  },
  {
    ""review_id"": 1760,
    ""predicted_stars"": 4
  },
  {
    ""review_id"": 2304,
    ""predicted_stars"": 1
  }
]",True,
"If you have to be some place on time, don't use them.  I called at 2pm for a 4:15 taxi to arrive.  At 4:25 they were calling me saying he was right around the corner, and gave me his location.  Estrella called a couple more times to ""verify my address"".  At 4:35 I called them and cancelled the cab and got a ride from my neighbor.  As we pulled out of my neighborhood, we PASSED the cab. He had taken a street that he thought was going to be a through street and got himself lost. This is a TAXI service, they should know how to get around the valley!!  Don't these people use GPS, or MAPS at least?",1.0,1.0,"[
  {
    ""review_id"": 39,
    ""predicted_stars"": 5
  },
  {
    ""review_id"": 4819,
    ""predicted_stars"": 4
  },
  {
    ""review_id"": 3465,
    ""predicted_stars"": 5
  },
  {
    ""review_id"": 1760,
    ""predicted_stars"": 4
  },
  {
    ""review_id"": 2304,
    ""predicted_stars"": 1
  }
]",True,
"When owners/staff changed we kept hoping for the best.  (The friendly owners/cooks of the previous restaurant were top notch, hence the good reviews).  But now, alas. . . Lemon chicken that turned out to be pork (and bad at that), wontons in soup that fall apart, greasy greasy lo mein and eggrolls, it's just not worth it.  Prefer to give locals the business, but this is truly awful, even after many hopeful tries.  Panda Express it is until someone else does a better job.",1.0,1.0,"[
  {
    ""review_id"": 3723,
    ""predicted_stars"": 1
  },
  {
    ""review_id"": 8284,
    ""predicted_stars"": 3
  },
  {
    ""review_id"": 4993,
    ""predicted_stars"": 5
  },
  {
    ""review_id"": 8127,
    ""predicted_stars"": 4
  },
  {
    ""review_id"": 3032,
    ""predicted_stars"": 4
  }
]",True,
I like it better then Denny's so I stop on by to get some breakfast. It's okay not the best place in the world but if your having a hard time picking between after hours with Dennys and Waffle house I would pick waffle house for sure.,3.0,3.0,"[
  {
    ""review_id"": 3723,
    ""predicted_stars"": 1
  },
  {
    ""review_id"": 8284,
    ""predicted_stars"": 3
  },
  {
    ""review_id"": 4993,
    ""predicted_stars"": 5
  },
  {
    ""review_id"": 8127,
    ""predicted_stars"": 4
  },
  {
    ""review_id"": 3032,
    ""predicted_stars"": 4
  }
]",True,
"Neat!!!!!!!!!!!!!!!!

This place is like a trip to a non-petting zoo and aquarium and aviary while you dine on fairly decent Mexican food.  I was here for a late brunch and didn't wait at all.  I was near a window that right on the pond, and just about every turtle in the pond crawled out to come on over and see what the Rock was cooking and how I was enjoying it... no joke, see pic!

The ducks and geese were very active in the lagoon, showing off for all the diners, and it thrilled the kids to pieces.  The guacamole is decent and the 3 types of salsa you're given were all good in their own wa",4.0,5.0,"[
  {
    ""review_id"": 3723,
    ""predicted_stars"": 1
  },
  {
    ""review_id"": 8284,
    ""predicted_stars"": 3
  },
  {
    ""review_id"": 4993,
    ""predicted_stars"": 5
  },
  {
    ""review_id"": 8127,
    ""predicted_stars"": 4
  },
  {
    ""review_id"": 3032,
    ""predicted_stars"": 4
  }
]",True,
"I've been going to this place for years, and they have always stayed true to their own style.  The place is a bit shabby, but the food is delicious. Their prices are decent, not too expensive not too cheap.  The staff is friendly enough, and if anything ever goes wrong, they have no problem fixing it.

All in all, a good place to grab a slice of pizza.",4.0,4.0,"[
  {
    ""review_id"": 3723,
    ""predicted_stars"": 1
  },
  {
    ""review_id"": 8284,
    ""predicted_stars"": 3
  },
  {
    ""review_id"": 4993,
    ""predicted_stars"": 5
  },
  {
    ""review_id"": 8127,
    ""predicted_stars"": 4
  },
  {
    ""review_id"": 3032,
    ""predicted_stars"": 4
  }
]",True,
"Beer is almost a 4, food is a 3, service was a 4.5.  + Check in deal makes it a 5.  Add that up and divide by the hungry fellow and you get a 4.  

I got a pretzel and an oatmeal stout pulled pork burger.  Forget the pretzel, it's a essentially a utensil to enjoy their amazing sauces.  Even if you don't like pretzels or the sauce, it makes for a great palate cleanser between beers.  The burger was nothing spectacular.  I don't know where the oatmeal stout in the sauce, but it might have been in there. 

Best part of the trip was getting a got a complete education beer mixology.  WHAT PEOPLE MI",4.0,4.0,"[
  {
    ""review_id"": 3723,
    ""predicted_stars"": 1
  },
  {
    ""review_id"": 8284,
    ""predicted_stars"": 3
  },
  {
    ""review_id"": 4993,
    ""predicted_stars"": 5
  },
  {
    ""review_id"": 8127,
    ""predicted_stars"": 4
  },
  {
    ""review_id"": 3032,
    ""predicted_stars"": 4
  }
]",True,
"I love the layout of this outdoor bar. However, the price of drinks here and the lack of well options is a huge turn off. It's also going to be interesting to see if people are into the idea of an outdoor ""dance club"" once summer comes back around. 

The view is awesome. I'm always up for supporting independent downtown businesses, this place just needs to make some changes to make me want to come back.",3.0,3.0,"[
  {
    ""review_id"": 7938,
    ""predicted_stars"": 3
  },
  {
    ""review_id"": 3039,
    ""predicted_stars"": 5
  },
  {
    ""review_id"": 9655,
    ""predicted_stars"": 5
  },
  {
    ""review_id"": 2545,
    ""predicted_stars"": 5
  },
  {
    ""review_id"": 2592,
    ""predicted_stars"": 1
  }
]",True,
"The waiter got the drink wrong: ""up"" means served strained without ice, not on the rocks, but I was happy about the mistake, The Salmon melted in my mouth and the bread pudding made me fat for hours, but was so worth it.  Great atmosphere and none of our plates were empty when taken away.  I would definitely go back.  Good service, great food, fun atmosphere.  Great flexible hours on a Sunday.  GO !",5.0,5.0,"[
  {
    ""review_id"": 7938,
    ""predicted_stars"": 3
  },
  {
    ""review_id"": 3039,
    ""predicted_stars"": 5
  },
  {
    ""review_id"": 9655,
    ""predicted_stars"": 5
  },
  {
    ""review_id"": 2545,
    ""predicted_stars"": 5
  },
  {
    ""review_id"": 2592,
    ""predicted_stars"": 1
  }
]",True,
I am in love with Yogurtland fro yo!!  It is super delicious and inexpensive!!  I got the coconut and added shredded coconut and mochi pieces...yummm.   Can't wait to go back.,5.0,5.0,"[
  {
    ""review_id"": 7938,
    ""predicted_stars"": 3
  },
  {
    ""review_id"": 3039,
    ""predicted_stars"": 5
  },
  {
    ""review_id"": 9655,
    ""predicted_stars"": 5
  },
  {
    ""review_id"": 2545,
    ""predicted_stars"": 5
  },
  {
    ""review_id"": 2592,
    ""predicted_stars"": 1
  }
]",True,
I found this restaurant when they were located in Buckeye. I have tried everything on the menu probably more than once and have never been disappointed. My favorite is the Red-Chili Frybread with cheese added. The service is excellent there. You always get treated friendly and with a smile!,5.0,5.0,"[
  {
    ""review_id"": 7938,
    ""predicted_stars"": 3
  },
  {
    ""review_id"": 3039,
    ""predicted_stars"": 5
  },
  {
    ""review_id"": 9655,
    ""predicted_stars"": 5
  },
  {
    ""review_id"": 2545,
    ""predicted_stars"": 5
  },
  {
    ""review_id"": 2592,
    ""predicted_stars"": 1
  }
]",True,
"We use to visit this Pub 10 years ago because they had a nice English waitress and excellent fish and chips for the price.  However, we went back a few weeks ago and boy were we disappointed.  The price of the fish and chip dinner went up and they cut the portion in half.  No one assisted us in putting two tables together, we had to do it ourselves.  Two guests wanted a good English hot tea and they didn't brew it in advance, it was just thrown into a small metal tea pot and we had to ask for cream and sugar.  So we've decided there are newer and better places to eat fish and chips, especially",1.0,1.0,"[
  {
    ""review_id"": 7938,
    ""predicted_stars"": 3
  },
  {
    ""review_id"": 3039,
    ""predicted_stars"": 5
  },
  {
    ""review_id"": 9655,
    ""predicted_stars"": 5
  },
  {
    ""review_id"": 2545,
    ""predicted_stars"": 5
  },
  {
    ""review_id"": 2592,
    ""predicted_stars"": 1
  }
]",True,
"Writing my 7/29/11 review prompted me to return to this establishment for a manicure. I got there at 9am, but unfortunately the sign on the door states they don't open until 10am. So I ran a few errands and returned at 10am. There was no one in the store and all the lights were out. Again, it is already over 100 degrees outside by 10am. I decided I didn't need a manicure that bad and left.",2.0,1.0,"[  
   {  
      ""review_id"": 1188,
      ""predicted_stars"": 1
   },
   {  
      ""review_id"": 7966,
      ""predicted_stars"": 1
   },
   {  
      ""review_id"": 6077,
      ""predicted_stars"": 4
   },
   {  
      ""review_id"": 107,
      ""predicted_stars"": 3
   },
   {  
      ""review_id"": 1315,
      ""predicted_stars"": 5
   }
]",True,
This place is way under seasoned.  The beans were ok.  I hate that they use store bought tortillas.  I don't plan on returning.  There are better places near downtown Chandler.,2.0,1.0,"[  
   {  
      ""review_id"": 1188,
      ""predicted_stars"": 1
   },
   {  
      ""review_id"": 7966,
      ""predicted_stars"": 1
   },
   {  
      ""review_id"": 6077,
      ""predicted_stars"": 4
   },
   {  
      ""review_id"": 107,
      ""predicted_stars"": 3
   },
   {  
      ""review_id"": 1315,
      ""predicted_stars"": 5
   }
]",True,
"If you appreciate a good dive bar, you will love this place!  We came here for the first time when our team was playing in Glendale.  Dos Gringos played host to all BCS fans and it was a blast.  They have giant Jenga, dancing, multiple levels & bars and a great outdoor space. The facilities are a little beat, definitely a place where you don't want to touch anything in the bathroom, at least when it is packed.   The bar staff does a good job of managing the crowd and I never felt like I was wasting time begging for them to ask me what I wanted.

We returned for a bachelorette party and althoug",4.0,4.0,"[  
   {  
      ""review_id"": 1188,
      ""predicted_stars"": 1
   },
   {  
      ""review_id"": 7966,
      ""predicted_stars"": 1
   },
   {  
      ""review_id"": 6077,
      ""predicted_stars"": 4
   },
   {  
      ""review_id"": 107,
      ""predicted_stars"": 3
   },
   {  
      ""review_id"": 1315,
      ""predicted_stars"": 5
   }
]",True,
"As Target's go this one is standard fare. That consistency is part of their brand recognition. However, as a part of the Up-Scale Desert Ridge Shopping Center, I'd expect a bit more than a Standard Target. Don't they have some sort of a Flagship Target?

Also traffic and parking can be atrocious at Desert Ridge. I drive to Target's and WalMart's much further from my house because the round trip time is less when I don't have to negotiate the teen packed Desert Ridge lot. Probably safer too.",3.0,3.0,"[  
   {  
      ""review_id"": 1188,
      ""predicted_stars"": 1
   },
   {  
      ""review_id"": 7966,
      ""predicted_stars"": 1
   },
   {  
      ""review_id"": 6077,
      ""predicted_stars"": 4
   },
   {  
      ""review_id"": 107,
      ""predicted_stars"": 3
   },
   {  
      ""review_id"": 1315,
      ""predicted_stars"": 5
   }
]",True,
"Let's rewind four years:

""You've never been to Chino Bandido?""
""No, what is it?""
""How long have you lived here?""
""About eleven years, but a bunch of those years were when I was a toddler, and I just moved back from a few years in Flagstaff.""
""And you've never been to Chino?""
""NO. What is it?""
""Amazing.""
""Take me there.""
""Okay.""

Yet we never went.

On the drive home from the Children's Museum of Phoenix, I realized that I was hungry, on a budget, and Chino Bandido was not too far off of path.  I ran the plan by my father, checking to make sure that would be an appropriate Father's Day dinner.",4.0,5.0,"[  
   {  
      ""review_id"": 1188,
      ""predicted_stars"": 1
   },
   {  
      ""review_id"": 7966,
      ""predicted_stars"": 1
   },
   {  
      ""review_id"": 6077,
      ""predicted_stars"": 4
   },
   {  
      ""review_id"": 107,
      ""predicted_stars"": 3
   },
   {  
      ""review_id"": 1315,
      ""predicted_stars"": 5
   }
]",True,
"Ahh man,
.....I REALLY wanted this to be good.

But honestly, you end up with something that's more like ""flame broiled"" than the earthy wood-fired imagery you pick up from their corporately consistent signage, menu, and decor.

That being said, it's a cool concept, and great crust- but the signature pizzas like the ""Greek"" end up feeling themed ,and lacking of soul and an intuitive fussing-over that they need to really be crack good.

The salad's, while seemingly possessing all the right stuff- are the same. Too salty/ too soggy, and somehow too rich.
The gelato tastes like it must come from ",2.0,2.0,"[
  {
    ""review_id"": 8187,
    ""predicted_stars"": 2
  },
  {
    ""review_id"": 2753,
    ""predicted_stars"": 5
  },
  {
    ""review_id"": 9753,
    ""predicted_stars"": 5
  },
  {
    ""review_id"": 6231,
    ""predicted_stars"": 1
  },
  {
    ""review_id"": 2876,
    ""predicted_stars"": 4
  }
]",True,
"WOW what can I say... our friends have eaten here for years and we finally got to eat at Don and Charlie's for the first time in all the years that we have been coming to Spring Training.  

We had an excellent dinner i was in the mood for fish and had the Macademia crusted Halibut.... WONDERFUL!!!!! My hubby had the prime rib and finished off every last juicy bite... the scalloped potatoes were the BEST I have ever had at any restaurant.

Must make this one of our usual stops during our yearly visit to Az.",5.0,5.0,"[
  {
    ""review_id"": 8187,
    ""predicted_stars"": 2
  },
  {
    ""review_id"": 2753,
    ""predicted_stars"": 5
  },
  {
    ""review_id"": 9753,
    ""predicted_stars"": 5
  },
  {
    ""review_id"": 6231,
    ""predicted_stars"": 1
  },
  {
    ""review_id"": 2876,
    ""predicted_stars"": 4
  }
]",True,
"Favorite Pho in the phoenix area so far.  
Great, tender meat in my pho chin nam (#8).
I see they also have bun bo hue on the menu so I'll have to try that sometime soon.    
Nom nom.

Friendly staff.

See ya there!",5.0,5.0,"[
  {
    ""review_id"": 8187,
    ""predicted_stars"": 2
  },
  {
    ""review_id"": 2753,
    ""predicted_stars"": 5
  },
  {
    ""review_id"": 9753,
    ""predicted_stars"": 5
  },
  {
    ""review_id"": 6231,
    ""predicted_stars"": 1
  },
  {
    ""review_id"": 2876,
    ""predicted_stars"": 4
  }
]",True,
Wasn't impressed. Dressing tasted like a store bought bottle dressing and tomatoes very very mushy.,2.0,1.0,"[
  {
    ""review_id"": 8187,
    ""predicted_stars"": 2
  },
  {
    ""review_id"": 2753,
    ""predicted_stars"": 5
  },
  {
    ""review_id"": 9753,
    ""predicted_stars"": 5
  },
  {
    ""review_id"": 6231,
    ""predicted_stars"": 1
  },
  {
    ""review_id"": 2876,
    ""predicted_stars"": 4
  }
]",True,
"This review is specifically for my experience at Trader Vic's last night (a Saturday night) for Happy Hour (4pm - 7pm).

My wife and I and two friends had a great time!  We spent the Happy Hour in their outdoor bar area - so cool - which is slightly shaded and very calming.  The apps were tasty, especially for their low, low prices, and my wife really liked her  vodka cocktail on special.  They didn't have any beers on special, but I had a draft Stella anyway.

Neither of us cared much for the fried calamari, but it wasn't bad, just not our style.  Everything else - the edamame, mini-burger, a",4.0,4.0,"[
  {
    ""review_id"": 8187,
    ""predicted_stars"": 2
  },
  {
    ""review_id"": 2753,
    ""predicted_stars"": 5
  },
  {
    ""review_id"": 9753,
    ""predicted_stars"": 5
  },
  {
    ""review_id"": 6231,
    ""predicted_stars"": 1
  },
  {
    ""review_id"": 2876,
    ""predicted_stars"": 4
  }
]",True,
"I'm giving the 3 stars solely for 1 reason: 
The veggie sandwich! 

There's normally only 1 person waitressing/taking orders, so expect a slow turn around during breakfast & lunch time. To avoid the crowds I'd pick up a flier in the morning, call around 10 am & pre-order for pick up. If I had no time to wait to check out I would simply ask for delivery. A girls gotta eat! :)",3.0,3.0,"[
  {
    ""review_id"": 5323,
    ""predicted_stars"": 3
  },
  {
    ""review_id"": 799,
    ""predicted_stars"": 1
  },
  {
    ""review_id"": 3570,
    ""predicted_stars"": 5
  },
  {
    ""review_id"": 2894,
    ""predicted_stars"": 5
  },
  {
    ""review_id"": 2927,
    ""predicted_stars"": 2
  }
]",True,
"Years ago, and I do mean years ago, their Mill Avenue location in Tempe, was outstanding.

As they expanded, the food along with the total expierence has gone DOWNHILL, big time.
Why has this happened ... they're doing franchising.  

I'm suggesting a name change:
""My Big Fat Greek Disappoinment""",2.0,1.0,"[
  {
    ""review_id"": 5323,
    ""predicted_stars"": 3
  },
  {
    ""review_id"": 799,
    ""predicted_stars"": 1
  },
  {
    ""review_id"": 3570,
    ""predicted_stars"": 5
  },
  {
    ""review_id"": 2894,
    ""predicted_stars"": 5
  },
  {
    ""review_id"": 2927,
    ""predicted_stars"": 2
  }
]",True,
"Really?  Because it doesn't get any better than this.  For what it is and for what it's worth this place is truly unique.  A slight step up from a hole in the wall type of place, this quaint spot serves up good, tasty, and satisfying food hot from the kitchen.

What is a pasty?

A pasty's history can be associated with the tin miners in England.  The story goes that these miners were covered head to toe in dust and other nasty stuff and would eat these calzone like dishes as a means to have nourishment without the need to return to the surface.  Supposedly, the miners were able to eat the past",5.0,5.0,"[
  {
    ""review_id"": 5323,
    ""predicted_stars"": 3
  },
  {
    ""review_id"": 799,
    ""predicted_stars"": 1
  },
  {
    ""review_id"": 3570,
    ""predicted_stars"": 5
  },
  {
    ""review_id"": 2894,
    ""predicted_stars"": 5
  },
  {
    ""review_id"": 2927,
    ""predicted_stars"": 2
  }
]",True,
"Oz is a great local bar and a nice change from the bumping Charlie's (which, don't get me wrong, is still a good bar). Booker, the bartender, is the coolest and will bring you any of the toys on the back counter, so long as he has time. The cheap prices, awesome juke box (sorry Korina, we were probably the ones playing all the Madonna) and a chance of spotting Stephanie Ann--the most fabulous drag queen around who really knows her vodka--are but a few of the reasons why I  love this place. It's also walking distance from my BFF's house.",4.0,5.0,"[
  {
    ""review_id"": 5323,
    ""predicted_stars"": 3
  },
  {
    ""review_id"": 799,
    ""predicted_stars"": 1
  },
  {
    ""review_id"": 3570,
    ""predicted_stars"": 5
  },
  {
    ""review_id"": 2894,
    ""predicted_stars"": 5
  },
  {
    ""review_id"": 2927,
    ""predicted_stars"": 2
  }
]",True,
"Love the atmosphere and how trendy rhus place is, reminds me of Nip/tuck kinda, the way they have it set up. I had thd NY strip steak and i don not think it was worth the price. The steak did not come with a side. Sides are ordered seperately. Great customer service, however I don't think I will be eating here again.",3.0,2.0,"[
  {
    ""review_id"": 5323,
    ""predicted_stars"": 3
  },
  {
    ""review_id"": 799,
    ""predicted_stars"": 1
  },
  {
    ""review_id"": 3570,
    ""predicted_stars"": 5
  },
  {
    ""review_id"": 2894,
    ""predicted_stars"": 5
  },
  {
    ""review_id"": 2927,
    ""predicted_stars"": 2
  }
]",True,
"I dropped off a ton of things here when I was liquidating my life in this town and it was a terrific experience.

Their donation program is quick and easy (just drive around to the back of the store and put it in a bin) and really helps out people by selling things at affordable prices and the profits go to provide assistance to the community.

Such great people at this location especially.",5.0,5.0,"[
  {
    ""review_id"": 8178,
    ""predicted_stars"": 5
  },
  {
    ""review_id"": 971,
    ""predicted_stars"": 2
  },
  {
    ""review_id"": 6687,
    ""predicted_stars"": 5
  },
  {
    ""review_id"": 8575,
    ""predicted_stars"": 4
  },
  {
    ""review_id"": 2020,
    ""predicted_stars"": 5
  }
]",True,
"I ALWAYS pay in cash at this Panda's. If it wasn't across the street from work, I wouldn't go here at all.

Two separate times I have been double billed on my debit card for my lunch. I'm not saying it was intentional, but either way it is annoying to have to dispute a charge with your bank.

Fair warning.",2.0,2.0,"[
  {
    ""review_id"": 8178,
    ""predicted_stars"": 5
  },
  {
    ""review_id"": 971,
    ""predicted_stars"": 2
  },
  {
    ""review_id"": 6687,
    ""predicted_stars"": 5
  },
  {
    ""review_id"": 8575,
    ""predicted_stars"": 4
  },
  {
    ""review_id"": 2020,
    ""predicted_stars"": 5
  }
]",True,
I love love Barrio Cafe. The food is amazing and it is very cute and artsy.,5.0,5.0,"[
  {
    ""review_id"": 8178,
    ""predicted_stars"": 5
  },
  {
    ""review_id"": 971,
    ""predicted_stars"": 2
  },
  {
    ""review_id"": 6687,
    ""predicted_stars"": 5
  },
  {
    ""review_id"": 8575,
    ""predicted_stars"": 4
  },
  {
    ""review_id"": 2020,
    ""predicted_stars"": 5
  }
]",True,
"La Condesa is in a rather unassuming location in Phoenix.  But has a nice atmosphere when you get inside.  The first thing I noticed was their huge salsa bar.  We sat down and were brought menus and chips.  I tried most of their salsas.  They all had their own very unique flavor.  the peanut salsa was really interesting.  My favorite was their tomatillo salsa.  

I ordered the Oaxaca Mole taco and a carne asada taco.  The mole was excellent with great flavor.  The carne asada was bland and flavorless...huh?  I dumped salsa on the carne asada taco and when finished was rather disappointed in th",3.0,4.0,"[
  {
    ""review_id"": 8178,
    ""predicted_stars"": 5
  },
  {
    ""review_id"": 971,
    ""predicted_stars"": 2
  },
  {
    ""review_id"": 6687,
    ""predicted_stars"": 5
  },
  {
    ""review_id"": 8575,
    ""predicted_stars"": 4
  },
  {
    ""review_id"": 2020,
    ""predicted_stars"": 5
  }
]",True,
"Tried the Restaurant Week special, and chose the Stetson chopped salad, mixed mushrooms with polenta, and bread pudding.  The Stetson chopped was amazing.  The preparation is beautiful when they bring it out, and then the taste is the perfect mix of sweet, savory, crunchy, soft once the salad is mixed up.  I tried some of the testosterone salad, which was decent, and filled with a lot of well prepared beef, but it didn't quite compare to the chopped salad.  

Just as a general side note, if you choose the restaurant week menu and have the chopped salad and then the mushrooms, I think the flavo",5.0,5.0,"[
  {
    ""review_id"": 8178,
    ""predicted_stars"": 5
  },
  {
    ""review_id"": 971,
    ""predicted_stars"": 2
  },
  {
    ""review_id"": 6687,
    ""predicted_stars"": 5
  },
  {
    ""review_id"": 8575,
    ""predicted_stars"": 4
  },
  {
    ""review_id"": 2020,
    ""predicted_stars"": 5
  }
]",True,
"Yum! Delicious tasting pizza, a wonderful atmosphere, and oh those  Nutella crepes are devine!",4.0,5.0,"[
  {
    ""review_id"": 9054,
    ""predicted_stars"": 5
  },
  {
    ""review_id"": 952,
    ""predicted_stars"": 4
  },
  {
    ""review_id"": 5359,
    ""predicted_stars"": 5
  },
  {
    ""review_id"": 3857,
    ""predicted_stars"": 4
  },
  {
    ""review_id"": 5861,
    ""predicted_stars"": 4
  }
]",True,
"I had a chicken panini and was more than enough! It was dinner and lunch!

They have this special bread that is like a big bun. The people is very friendly and patient to explain their different options. Nice place, and for sandwiches it was just good.",4.0,4.0,"[
  {
    ""review_id"": 9054,
    ""predicted_stars"": 5
  },
  {
    ""review_id"": 952,
    ""predicted_stars"": 4
  },
  {
    ""review_id"": 5359,
    ""predicted_stars"": 5
  },
  {
    ""review_id"": 3857,
    ""predicted_stars"": 4
  },
  {
    ""review_id"": 5861,
    ""predicted_stars"": 4
  }
]",True,
"I have to admit: I am impressed.

I have been to a few vegan-only-menu restaurants and I was... underwhelmed. Nothing against the raw food movement, but unless it is a raw-specific place, I expect more creativity. Show me what food can do, be, taste like. Don't just cut it up and toss it on a plate.

Four of us came in to eat on a Saturday and the place was PACKED. A good sign, surely, AND it was a really great mix of demographics: young and old, many nationalities, singles, couples, families... we liked that it had a wide appeal.

The place smelled fantastic, too, so we started perusing the m",4.0,5.0,"[
  {
    ""review_id"": 9054,
    ""predicted_stars"": 5
  },
  {
    ""review_id"": 952,
    ""predicted_stars"": 4
  },
  {
    ""review_id"": 5359,
    ""predicted_stars"": 5
  },
  {
    ""review_id"": 3857,
    ""predicted_stars"": 4
  },
  {
    ""review_id"": 5861,
    ""predicted_stars"": 4
  }
]",True,
"I am a huge fan of local coffee shops with free wifi. I am also a huge fan of iced lattes. I know, how trendy of me, don't judge, I have some weird phobia about drinking hot lattes...I can't explain it...getting off track...anyway! Cartel!

I really like getting my work done here. This is a short walk away from J's place so whenever I'm in town and need to get work done, I head here.
I like the decor, I like the music they play (I don't even need to tune out with my headphones and spotify like I normally do when at coffee shops), and the coffee is pretty good. The ambience is chill and very od",4.0,4.0,"[
  {
    ""review_id"": 9054,
    ""predicted_stars"": 5
  },
  {
    ""review_id"": 952,
    ""predicted_stars"": 4
  },
  {
    ""review_id"": 5359,
    ""predicted_stars"": 5
  },
  {
    ""review_id"": 3857,
    ""predicted_stars"": 4
  },
  {
    ""review_id"": 5861,
    ""predicted_stars"": 4
  }
]",True,
"OK, let's face it: there are better steaks in the Valley. As a matter of fact, if you just took the steak at face value, it might not even crack the top 5. 

But Durant's is not just about the steak, or even the food. 

Durant's is a classic in every sense of the word, the type of place that can rarely be found anywhwere in Phoenix. It's also a lively and classy night spot, something that didn't exist anywhere in downtown Phoenix for years, and as several new places have developed around Durant's overe the past few years, it has remained consistent and cool. 

And that's what Durnat's is reall",4.0,4.0,"[
  {
    ""review_id"": 9054,
    ""predicted_stars"": 5
  },
  {
    ""review_id"": 952,
    ""predicted_stars"": 4
  },
  {
    ""review_id"": 5359,
    ""predicted_stars"": 5
  },
  {
    ""review_id"": 3857,
    ""predicted_stars"": 4
  },
  {
    ""review_id"": 5861,
    ""predicted_stars"": 4
  }
]",True,
"This is a great dog park.  Plenty of grass to run around on, and there is always a good crowd to play with.  And drinking fountains and places to sit.  The majority of the dogs are nice, but there are a few Scottsdale poodles who think they are the shit and their owners just ignore their bad behavior.  I just stick my gum in their curly hair and go on with my day.

The best part of the park is when I get home and the dog takes a nice long nap, and I can do chores in peace.",5.0,4.0,"[
  {
    ""review_id"": 3145,
    ""predicted_stars"": 4
  },
  {
    ""review_id"": 3305,
    ""predicted_stars"": 5
  },
  {
    ""review_id"": 3006,
    ""predicted_stars"": 4
  },
  {
    ""review_id"": 9001,
    ""predicted_stars"": 4
  },
  {
    ""review_id"": 7770,
    ""predicted_stars"": 4
  }
]",True,
"This has got to be the best barber shop I've ever been to in my 38 years on this planet.  I was always getting terrible haircuts at places like Great Clips and Hair Cuttery (when I lived in Virginia Beach), and I just assumed it was because I naturally had jacked-up hair.  After getting my first haircut from Israel (the barber, not the country), I know I'd have a hard time looking elsewhere.  I don't know if these dudes were ever in the military, but their attention to detail is top notch.",5.0,5.0,"[
  {
    ""review_id"": 3145,
    ""predicted_stars"": 4
  },
  {
    ""review_id"": 3305,
    ""predicted_stars"": 5
  },
  {
    ""review_id"": 3006,
    ""predicted_stars"": 4
  },
  {
    ""review_id"": 9001,
    ""predicted_stars"": 4
  },
  {
    ""review_id"": 7770,
    ""predicted_stars"": 4
  }
]",True,
Got a pretty decent HAND car wash for $15.00.  They asked about extras but weren't pushy about it.  After I paid I noticed their gas prices.  They were about $0.20 less than the going rate in the area.  The frosting on the cake was that I got a $2.00 senior discount.,4.0,4.0,"[
  {
    ""review_id"": 3145,
    ""predicted_stars"": 4
  },
  {
    ""review_id"": 3305,
    ""predicted_stars"": 5
  },
  {
    ""review_id"": 3006,
    ""predicted_stars"": 4
  },
  {
    ""review_id"": 9001,
    ""predicted_stars"": 4
  },
  {
    ""review_id"": 7770,
    ""predicted_stars"": 4
  }
]",True,
Home made fresh noodles.  Reminds me of San Francisco china town food.,4.0,4.0,"[
  {
    ""review_id"": 3145,
    ""predicted_stars"": 4
  },
  {
    ""review_id"": 3305,
    ""predicted_stars"": 5
  },
  {
    ""review_id"": 3006,
    ""predicted_stars"": 4
  },
  {
    ""review_id"": 9001,
    ""predicted_stars"": 4
  },
  {
    ""review_id"": 7770,
    ""predicted_stars"": 4
  }
]",True,
"This really is more of a lady's hardware store with more design/decorating stuff, small appliances, and such. But this time they had something HD didn't, and at a good price.  Almost exactly what I was looking for, too.

Even if you're a die-hard HD shopper, it doesn't hurt to check here too.",3.0,4.0,"[
  {
    ""review_id"": 3145,
    ""predicted_stars"": 4
  },
  {
    ""review_id"": 3305,
    ""predicted_stars"": 5
  },
  {
    ""review_id"": 3006,
    ""predicted_stars"": 4
  },
  {
    ""review_id"": 9001,
    ""predicted_stars"": 4
  },
  {
    ""review_id"": 7770,
    ""predicted_stars"": 4
  }
]",True,
"I found this on yelp and what a great wine bar! I went here last night after work with friends and we shared a bottle of wine and had sandwiches. It was so good can't remember either name of the wine or food.
It was very small inside which made it cozy.",4.0,5.0,"[
  {
    ""review_id"": 7438,
    ""predicted_stars"": 5
  },
  {
    ""review_id"": 7942,
    ""predicted_stars"": 2
  },
  {
    ""review_id"": 9238,
    ""predicted_stars"": 1
  },
  {
    ""review_id"": 1056,
    ""predicted_stars"": 5
  },
  {
    ""review_id"": 3154,
    ""predicted_stars"": 4
  }
]",True,
"The very definition of an average brunch.  My omelet was pretty decent, and it's nice that they let you choose a bunch of ingredients if you want to.  However the breakfast potatoes are extremely weak, fairly bland and underseasoned and are probably not hand cut and prepared.  They are mixed with an uninspiring blend of green peppers.   The rest of my table seemed to feel about as enthusiastic as I did about their breakfast burritos.

The service was also pretty slow.  Despite the awesome patio and pretty good eye candy among the patronage here, this place is definitely one you can skip.",3.0,2.0,"[
  {
    ""review_id"": 7438,
    ""predicted_stars"": 5
  },
  {
    ""review_id"": 7942,
    ""predicted_stars"": 2
  },
  {
    ""review_id"": 9238,
    ""predicted_stars"": 1
  },
  {
    ""review_id"": 1056,
    ""predicted_stars"": 5
  },
  {
    ""review_id"": 3154,
    ""predicted_stars"": 4
  }
]",True,
Glorified Pei Wei,3.0,1.0,"[
  {
    ""review_id"": 7438,
    ""predicted_stars"": 5
  },
  {
    ""review_id"": 7942,
    ""predicted_stars"": 2
  },
  {
    ""review_id"": 9238,
    ""predicted_stars"": 1
  },
  {
    ""review_id"": 1056,
    ""predicted_stars"": 5
  },
  {
    ""review_id"": 3154,
    ""predicted_stars"": 4
  }
]",True,
"Another great Italian find!

My BF and I went to Roma Garden for dinner last night because he was given a gift certificate there from a friend.  We'd never heard of it, but we're always up for trying something new, especially with $50 towards our meal.  We pulled up to their strip mall location without expectations and we were both pleasantly surprised!

When you walk in, the lighting and decor are welcoming and the staff is friendly and attentive.  It was a Thursday night and there were plenty of other guests in the restaurant, and there was a lively energy in the air.  After browsing the men",5.0,5.0,"[
  {
    ""review_id"": 7438,
    ""predicted_stars"": 5
  },
  {
    ""review_id"": 7942,
    ""predicted_stars"": 2
  },
  {
    ""review_id"": 9238,
    ""predicted_stars"": 1
  },
  {
    ""review_id"": 1056,
    ""predicted_stars"": 5
  },
  {
    ""review_id"": 3154,
    ""predicted_stars"": 4
  }
]",True,
"I'm not a coffee snob, but I love a good Americano.  

This place has the charm you'd expect from a locally owned coffee shop complete with  eclectic decor, artwork on the walls, odds-and-ends of gaudy lamps and stained-glass windows.  The coffee is pretty good from what I have experienced.  The air-conditioning is right where it needs to be as well. 

Most important factor for this business:  very nice staff.  That alone makes me want to come by more often.",4.0,4.0,"[
  {
    ""review_id"": 7438,
    ""predicted_stars"": 5
  },
  {
    ""review_id"": 7942,
    ""predicted_stars"": 2
  },
  {
    ""review_id"": 9238,
    ""predicted_stars"": 1
  },
  {
    ""review_id"": 1056,
    ""predicted_stars"": 5
  },
  {
    ""review_id"": 3154,
    ""predicted_stars"": 4
  }
]",True,
Went here while on vacation in Phoneix based on seeing it on Man vs Food. Could not have been more impressed. Food was amazing. Far above expectations.  The torta was huge and delicious. Would highly recommend it to anyone looking for a fantastic authentic meal at a good price!,5.0,5.0,"[
  {
    ""review_id"": 3787,
    ""predicted_stars"": 5
  },
  {
    ""review_id"": 9189,
    ""predicted_stars"": 4
  },
  {
    ""review_id"": 7825,
    ""predicted_stars"": 4
  },
  {
    ""review_id"": 7539,
    ""predicted_stars"": 4
  },
  {
    ""review_id"": 7231,
    ""predicted_stars"": 2
  }
]",True,
"The Hyatt Place Scottsdale is a hidden jewel in old town, just off the main drag this place is perfect for a weekend getaway.  They offer complimentary breakfast which is pretty standard but nice and even have ""real"" plates and utensils vs. plastic products.  They also have free WIFI and the rooms are HUGE!  It is a great place to take the family since the kids can stay in the first part of the room on the sofa sleeper while you can crash on the comfy bed closer to the TV.
The only reason I give 4 stars vs. a perfect 5 is because the pool is really small and not that great.  If they upgraded t",4.0,4.0,"[
  {
    ""review_id"": 3787,
    ""predicted_stars"": 5
  },
  {
    ""review_id"": 9189,
    ""predicted_stars"": 4
  },
  {
    ""review_id"": 7825,
    ""predicted_stars"": 4
  },
  {
    ""review_id"": 7539,
    ""predicted_stars"": 4
  },
  {
    ""review_id"": 7231,
    ""predicted_stars"": 2
  }
]",True,
This is my neighborhood grocery store. It's at the two locations I shop at most. It's always clean and well stocked and I never have to wait in line for very long.,4.0,4.0,"[
  {
    ""review_id"": 3787,
    ""predicted_stars"": 5
  },
  {
    ""review_id"": 9189,
    ""predicted_stars"": 4
  },
  {
    ""review_id"": 7825,
    ""predicted_stars"": 4
  },
  {
    ""review_id"": 7539,
    ""predicted_stars"": 4
  },
  {
    ""review_id"": 7231,
    ""predicted_stars"": 2
  }
]",True,
"Some of the food here is fantastic such as the Chicken Corfu $14.95 and others like the Gyro I found to be less than good becasue the meat was very dry some parts burnt with the obviously strong taste of fish.  I sent it back and they took it off our bill.  The remainder of the meal which consisted of the Corfu, salads and soup was great and our waitress; the owners daughter promised to address the Gyro with the kitchen.  This restaurant is located at the park in Fountain Hills with unobstructed views of the lake and fountain which erupts every hour spraying water more than 500 feet in the air",4.0,4.0,"[
  {
    ""review_id"": 3787,
    ""predicted_stars"": 5
  },
  {
    ""review_id"": 9189,
    ""predicted_stars"": 4
  },
  {
    ""review_id"": 7825,
    ""predicted_stars"": 4
  },
  {
    ""review_id"": 7539,
    ""predicted_stars"": 4
  },
  {
    ""review_id"": 7231,
    ""predicted_stars"": 2
  }
]",True,
"If you have $6 burning a hole in your pocket, and would like a thimble full of ice cream, this is your place. They have a terrific selection of flavors, and you can sample as many as you want before choosing, not to mention they are part of a coffee shop too. Unfortunately, they charge you a thousand dollars for a scoop of it. I'd rather go to Mary Coyle and get a Banana Split for that price, or just save my money because the idea of paying $6 for a scoop of ice cream is absolutely a fool parting with his money.

Two stars because it actually was tasty.",2.0,2.0,"[
  {
    ""review_id"": 3787,
    ""predicted_stars"": 5
  },
  {
    ""review_id"": 9189,
    ""predicted_stars"": 4
  },
  {
    ""review_id"": 7825,
    ""predicted_stars"": 4
  },
  {
    ""review_id"": 7539,
    ""predicted_stars"": 4
  },
  {
    ""review_id"": 7231,
    ""predicted_stars"": 2
  }
]",True,
"Loved the atmosphere most of all.  This is a converted bungalow house that should set an example for downtown revival in the future.   Very respectable selection of beer and wine and a limited menu, but with creative selections.

* The house beer, made by Four Peaks, tasted like something made by Four Peaks, which, if you've ever had a beer crafted by Four Peaks, is the sincerest of compliments.

*  The ""G Red"" blended red wine didn't suck.  

*  The Ham and Eggs:  Deviled eggs were quite tasty.  The ham was medium-thickly sliced and put on a stick.  Nicely warmed.  How could you possibly f up",4.0,4.0,"[
  {
    ""review_id"": 764,
    ""predicted_stars"": 4
  },
  {
    ""review_id"": 5019,
    ""predicted_stars"": 5
  },
  {
    ""review_id"": 4903,
    ""predicted_stars"": 5
  },
  {
    ""review_id"": 8093,
    ""predicted_stars"": 2
  },
  {
    ""review_id"": 6843,
    ""predicted_stars"": 2
  }
]",True,
"This is the new mecca of Phoenix music. 

Charlie Levy who booked for the now legendary Nita's Hideaway and also the owner of Stateside Presents is the man behind it all! He is a music fan first and ... well ... that's just what he is ... a music fan not a natural businessman. 

The place is just beautiful (for now, soon to be broken with the wear and tear of rock and roll no doubt). The room is small ... stage big (for the size) ... no doubt this is going to be the best place in the city to see any band for a long time to come!

Thank you Charlie!

Music fans unite! This place MUST thrive!

b",5.0,5.0,"[
  {
    ""review_id"": 764,
    ""predicted_stars"": 4
  },
  {
    ""review_id"": 5019,
    ""predicted_stars"": 5
  },
  {
    ""review_id"": 4903,
    ""predicted_stars"": 5
  },
  {
    ""review_id"": 8093,
    ""predicted_stars"": 2
  },
  {
    ""review_id"": 6843,
    ""predicted_stars"": 2
  }
]",True,
"This is a really nice coffee shop and restaurant tucked away in a corner toward the east end of City North. They have great food, wine and, well of course, coffee. We were there last Saturday and they had live music as well as an artist. April Howland from Howland Studios was there painting and giving a live demonstration. I am not certain how often they have music and an artist but if you managed to catch them one of these nights, you won't be disappointed. Also, make sure you try one of their fruit smoothies. They are simply amazing.",4.0,5.0,"[
  {
    ""review_id"": 764,
    ""predicted_stars"": 4
  },
  {
    ""review_id"": 5019,
    ""predicted_stars"": 5
  },
  {
    ""review_id"": 4903,
    ""predicted_stars"": 5
  },
  {
    ""review_id"": 8093,
    ""predicted_stars"": 2
  },
  {
    ""review_id"": 6843,
    ""predicted_stars"": 2
  }
]",True,
"Took Mom for dinner Monday night. This was the second time I took her here, and it'll be the last! Guess Tapino just isn't for her. Out of the three small plates we shared, she only enjoyed the lamb kabob over quinoa ($9). It was the second-best dish of the three I enjoyed.

I'd wanted to try a glass of rose ($7), since Mom is a fan, but she was ""too tired"" to have wine, so I'll have to bookmark that for next visit. We started w/ the butternut squash ravioli w/ sage butter ($8; mmm... I adore brown butter and sage... My Mom, however, doesn't). I appreciated the sweet creaminess of the squash p",4.0,2.0,"[
  {
    ""review_id"": 764,
    ""predicted_stars"": 4
  },
  {
    ""review_id"": 5019,
    ""predicted_stars"": 5
  },
  {
    ""review_id"": 4903,
    ""predicted_stars"": 5
  },
  {
    ""review_id"": 8093,
    ""predicted_stars"": 2
  },
  {
    ""review_id"": 6843,
    ""predicted_stars"": 2
  }
]",True,
"I am a very loyal customer to pure sushi and have been for over 2 years now. Up until about 6 months ago I would have given this place 4, possibly 5 stars, but with the horrible service I have encountered the last 6 months I'm only giving it 2. Normally I order my food to go at the bar and just take it home and eat it. But the for the last 6 months when I go in to order my food at the bar, its always the same bar tender working and she is rude. The last 3 times I have been into order food I ended up just walking out and not ordering anything. She is always taking to what seems to be her friend",2.0,2.0,"[
  {
    ""review_id"": 764,
    ""predicted_stars"": 4
  },
  {
    ""review_id"": 5019,
    ""predicted_stars"": 5
  },
  {
    ""review_id"": 4903,
    ""predicted_stars"": 5
  },
  {
    ""review_id"": 8093,
    ""predicted_stars"": 2
  },
  {
    ""review_id"": 6843,
    ""predicted_stars"": 2
  }
]",True,
"The sales people here are very knowledgable and helpful. They are also very friendly and great with reccomendations.

I know it is a comic store but I only went there for DnD books/suppliments and ocassional Anime.

I am pretty sure their Anime is bootleged, but due to how cheap it is and the fact that you usually can't find it anywhere else I don't care. They often come in complete sets for like 30 bucks which is great for a whole series. I have had problems watching them on PS2/Xbox sometimes but due to the price I keep coming back. 

Now then if it weren't for this next part they would have",3.0,3.0,"[
  {
    ""review_id"": 2165,
    ""predicted_stars"": 3
  },
  {
    ""review_id"": 1862,
    ""predicted_stars"": 1
  },
  {
    ""review_id"": 7850,
    ""predicted_stars"": 2
  },
  {
    ""review_id"": 9123,
    ""predicted_stars"": 5
  },
  {
    ""review_id"": 2340,
    ""predicted_stars"": 5
  }
]",True,
"Once again, THE TROUGH SLURPERS offer far too many stars to this mundane eatery, proving again that they are truly CANAILLE of the first order.:
Slow indifferent service
Mediocre food
The kind of wine that patrons of kokopelli swill with delight, calling it ambrosia when it's actually dishwater.
But..as with Kokopelli, it keeps the shit eaters out of the better restaurants! So, I say to you canaille..flock, flock there with your disruptive screaming children and your leathery palates.",1.0,1.0,"[
  {
    ""review_id"": 2165,
    ""predicted_stars"": 3
  },
  {
    ""review_id"": 1862,
    ""predicted_stars"": 1
  },
  {
    ""review_id"": 7850,
    ""predicted_stars"": 2
  },
  {
    ""review_id"": 9123,
    ""predicted_stars"": 5
  },
  {
    ""review_id"": 2340,
    ""predicted_stars"": 5
  }
]",True,
"We were excited when we found that we could add George and Sons to our delivery list.  The food is good, not great, but it was a great option on lazy nights.  Tonight when the food was delivered it seemed like the price was a bit high.  There wasn't an itemized receipt attached to the credit card slip so I said to the delivery guy this seems high.  He gave no explanation so I tipped as usual.  Well turns out that there is a $4 delivery charge so this guy made a pretty big tip for driving down the street. I have no problem with delivery charges because there are some crappy tippers out there; I",2.0,2.0,"[
  {
    ""review_id"": 2165,
    ""predicted_stars"": 3
  },
  {
    ""review_id"": 1862,
    ""predicted_stars"": 1
  },
  {
    ""review_id"": 7850,
    ""predicted_stars"": 2
  },
  {
    ""review_id"": 9123,
    ""predicted_stars"": 5
  },
  {
    ""review_id"": 2340,
    ""predicted_stars"": 5
  }
]",True,
"Love this place !

Food is spicy and always cooked just right.  Menu changes every so often and have nightly specials too.  Service is great.  No matter what night you go it is busy.

it is a great little find.",5.0,5.0,"[
  {
    ""review_id"": 2165,
    ""predicted_stars"": 3
  },
  {
    ""review_id"": 1862,
    ""predicted_stars"": 1
  },
  {
    ""review_id"": 7850,
    ""predicted_stars"": 2
  },
  {
    ""review_id"": 9123,
    ""predicted_stars"": 5
  },
  {
    ""review_id"": 2340,
    ""predicted_stars"": 5
  }
]",True,
"I attended a UYE (Unofficial Yelp Event) here and I have to say that Haus Murphy's pretty much wowed all 20 or so of us!

It has taken me over a week to get to the review.  I was still reflecting on the German meatloaf, red cabbage and Weihenstephaner Hefeweizen.

How do you say, ""Damn that was good!"" in German?  I have new found respect for German cuisine thanks to Chef Hoffman (not sure about the spelling there).

The fubar of Yelpers (I am pretty sure that is the correct term for a large gathering of Yelpers) dined on the patio which is a great space.  Service was very good throughout the m",5.0,5.0,"[
  {
    ""review_id"": 2165,
    ""predicted_stars"": 3
  },
  {
    ""review_id"": 1862,
    ""predicted_stars"": 1
  },
  {
    ""review_id"": 7850,
    ""predicted_stars"": 2
  },
  {
    ""review_id"": 9123,
    ""predicted_stars"": 5
  },
  {
    ""review_id"": 2340,
    ""predicted_stars"": 5
  }
]",True,
"Like Red Robin, Carraba's is my go-to Italian joint that I know I wont be disappointed in.  

I love their bread and the yummy oil/herbs that go with it.  I do ask for butter as well, but they always seem to bring out this frozen ball of butter.  I don't get that.

The best dish they have is their Pollo Rosa Maria.  It consists of two chicken breasts, stuff with fontina cheese and covered with a huge helping of sauteed mushrooms.  Make sure to get it with fettuccine alfredo.  It's a must!... if you don't like pasta, I dont know what to tel ya.  The combo of the two is a match made in heaven.

",4.0,5.0,"[
  {
    ""review_id"": 5527,
    ""predicted_stars"": 5
  },
  {
    ""review_id"": 6743,
    ""predicted_stars"": 5
  },
  {
    ""review_id"": 4003,
    ""predicted_stars"": 5
  },
  {
    ""review_id"": 1123,
    ""predicted_stars"": 4
  },
  {
    ""review_id"": 8709,
    ""predicted_stars"": 5
  }
]",True,
"The green chili  pulled pork omelet  was delightfully good.  The coffee was great, and so is the decor.  The cream chipped beef and biscuits are also pretty fantastic.",4.0,5.0,"[
  {
    ""review_id"": 5527,
    ""predicted_stars"": 5
  },
  {
    ""review_id"": 6743,
    ""predicted_stars"": 5
  },
  {
    ""review_id"": 4003,
    ""predicted_stars"": 5
  },
  {
    ""review_id"": 1123,
    ""predicted_stars"": 4
  },
  {
    ""review_id"": 8709,
    ""predicted_stars"": 5
  }
]",True,
"This is one of the only places in Phoenix that carries legitimate book binding supplies like book cloth and all sorts of decorative binding papers (unlike the decorative kind for scrapbooking). I love that I can order online, and then they will call me when my order is ready and I can just head on down to Tempe to pick my stuff up.

While I haven't taken any of their classes, they look pretty awesome. I have had experiences with old letter press techniques, and this place offers classes in it. I think I'm going to have to sign up!",4.0,5.0,"[
  {
    ""review_id"": 5527,
    ""predicted_stars"": 5
  },
  {
    ""review_id"": 6743,
    ""predicted_stars"": 5
  },
  {
    ""review_id"": 4003,
    ""predicted_stars"": 5
  },
  {
    ""review_id"": 1123,
    ""predicted_stars"": 4
  },
  {
    ""review_id"": 8709,
    ""predicted_stars"": 5
  }
]",True,
"Their beef gyro's are delicious!  Great portions for what you pay.  And their falafel is really good too.  Not a great portion it seems for an order of hummus, we got like one piece of pita.  Just didn't seem to be much there.  We always do carryout, and either the bartender is really nice and funny, or just werent very friendly.",3.0,4.0,"[
  {
    ""review_id"": 5527,
    ""predicted_stars"": 5
  },
  {
    ""review_id"": 6743,
    ""predicted_stars"": 5
  },
  {
    ""review_id"": 4003,
    ""predicted_stars"": 5
  },
  {
    ""review_id"": 1123,
    ""predicted_stars"": 4
  },
  {
    ""review_id"": 8709,
    ""predicted_stars"": 5
  }
]",True,
"One of my fav sushi places in the Valley.  Great place to take someone who has never tried sushi or still is unsure of what they like.  Great place to take someone who loves sushi but is indecisive.  Some of my favorites include the spicy shrimp/crab roll, Phoenix roll, and their squid salad.  Plus - you can't beat the Vegas roll - $1.50 for 3 pieces? It's a steal!  Definitely one of the more fun sushi places in the Valley!",5.0,5.0,"[
  {
    ""review_id"": 5527,
    ""predicted_stars"": 5
  },
  {
    ""review_id"": 6743,
    ""predicted_stars"": 5
  },
  {
    ""review_id"": 4003,
    ""predicted_stars"": 5
  },
  {
    ""review_id"": 1123,
    ""predicted_stars"": 4
  },
  {
    ""review_id"": 8709,
    ""predicted_stars"": 5
  }
]",True,
"So great to see the occasional NY style pizzeria pop up amid all these chi-town ""pizza"" impersonators... Sorry, but if you think pizza is cut in squares, or it's crust should taste like a stale saltine cracker, perhaps this isn't for you.

A great street style joint with friendly staff and always a great selection ready to go, and conveniently located right next to AMC 24. Bring a messenger bag or purse and get some Vincents to go, and avoid the concession stand. Just sayin...",4.0,5.0,"[  
   {  
      ""review_id"": 4049,
      ""predicted_stars"": 5
   },
   {  
      ""review_id"": 7640,
      ""predicted_stars"": 3
   },
   {  
      ""review_id"": 765,
      ""predicted_stars"": 1
   },
   {  
      ""review_id"": 2344,
      ""predicted_stars"": 5
   },
   {  
      ""review_id"": 4071,
      ""predicted_stars"": 4
   }
]",True,
"I don't know what Bar Smith is trying to be. I feel like instead of just saying okay we are going to be a X music club on Saturday night they decided to try and appease too many people. 90s R&B and Hip hop on the first floor Techno Electronica on the roof top bar. 

oooooKAY.

I visited the during the 4th Annual Pub crawl at 11:30 at night the place was still pretty empty. 

Drinks-Meh
Crowd-Meh, I am still trying to find the young professional males in this area.
Layout- I like it
Bouncers-Really big and Super nice but then again I smiled a lot and didn't give them a hard time about my ID. 

",3.0,3.0,"[  
   {  
      ""review_id"": 4049,
      ""predicted_stars"": 5
   },
   {  
      ""review_id"": 7640,
      ""predicted_stars"": 3
   },
   {  
      ""review_id"": 765,
      ""predicted_stars"": 1
   },
   {  
      ""review_id"": 2344,
      ""predicted_stars"": 5
   },
   {  
      ""review_id"": 4071,
      ""predicted_stars"": 4
   }
]",True,
"I am not a fan of this place. I like to try to stay positive though so here is my attempt a the proverbial ""positive sandwich""

Top Bun: The location is fantastic. I really like where it is, its a cute little place that is very easy to find.

The Meat of the Matter: The food here is odd. I am very open to trying new things and experiencing different cultures. As I have mentioned in other reviews, I love all types of food from all over the world. I didn't care for this place. I ordered an appetizer that was wrapped in a banana leaf and i honestly thought I was eating an ashtray. It wasn't good.",1.0,1.0,"[  
   {  
      ""review_id"": 4049,
      ""predicted_stars"": 5
   },
   {  
      ""review_id"": 7640,
      ""predicted_stars"": 3
   },
   {  
      ""review_id"": 765,
      ""predicted_stars"": 1
   },
   {  
      ""review_id"": 2344,
      ""predicted_stars"": 5
   },
   {  
      ""review_id"": 4071,
      ""predicted_stars"": 4
   }
]",True,
"I LOVE love LOVE Coffee Bean.  I have been in love with Coffee Bean for years.  I am so bummed out that they are not all over the place like the ""S"" coffee store.  

One of my favie drinks are the Pure Cholocate Ice Blended with whip cream and Green Tea Latte.  The service is always friendly, perky, and fully of sunshine.",5.0,5.0,"[  
   {  
      ""review_id"": 4049,
      ""predicted_stars"": 5
   },
   {  
      ""review_id"": 7640,
      ""predicted_stars"": 3
   },
   {  
      ""review_id"": 765,
      ""predicted_stars"": 1
   },
   {  
      ""review_id"": 2344,
      ""predicted_stars"": 5
   },
   {  
      ""review_id"": 4071,
      ""predicted_stars"": 4
   }
]",True,
The noodles are delicious here. I had the vegetarian spicy noodle. It doesn't come with anything but noodles and the sauce. It would be great if they could add some veggies in there though. So you chose the type of noodle you want and then the flavor. The prices are super cheap and the service is fast. The portions are huge and I could have eaten the whole plate if I didn't stop myself. I am curious to know if they use MSG because it was that hard to stop eating.,3.0,4.0,"[  
   {  
      ""review_id"": 4049,
      ""predicted_stars"": 5
   },
   {  
      ""review_id"": 7640,
      ""predicted_stars"": 3
   },
   {  
      ""review_id"": 765,
      ""predicted_stars"": 1
   },
   {  
      ""review_id"": 2344,
      ""predicted_stars"": 5
   },
   {  
      ""review_id"": 4071,
      ""predicted_stars"": 4
   }
]",True,
"Long wait for food, waitresses that don't know what they're doing, grumpy hosts, and crappy food that keeps us off the lake for 2 hours is not somewhere I plan on going ever again.",1.0,1.0,"[
  {
    ""review_id"": 7216,
    ""predicted_stars"": 1
  },
  {
    ""review_id"": 4216,
    ""predicted_stars"": 5
  },
  {
    ""review_id"": 7952,
    ""predicted_stars"": 4
  },
  {
    ""review_id"": 5970,
    ""predicted_stars"": 4
  },
  {
    ""review_id"": 3350,
    ""predicted_stars"": 5
  }
]",True,
"Amazing sushi. Fast, clean, fresh. Friendly staff. Favorites are Arizona, Beauty, Alaska, and Spicy Ninja, although everything here is some of the best around hands down!",5.0,5.0,"[
  {
    ""review_id"": 7216,
    ""predicted_stars"": 1
  },
  {
    ""review_id"": 4216,
    ""predicted_stars"": 5
  },
  {
    ""review_id"": 7952,
    ""predicted_stars"": 4
  },
  {
    ""review_id"": 5970,
    ""predicted_stars"": 4
  },
  {
    ""review_id"": 3350,
    ""predicted_stars"": 5
  }
]",True,
"Part 2 of the business trip.  Dinner with the sales team.

We always have fun when out on the road and this was no exception. 

The need for sushi is somtimes primal.  This was one of those nights.  

Starting off with happy hour prices that were awesome we easily knocked down three bottles of Sake while deciding what treats to order.

We ordered a tableful of great sushi- alot of variety and had a great time.  The one disappointment was that the sushi just didn't have enough spice.  Not nearly enough heat.  The staff was excellent and very helpful.  

I would recommend Ra.  The atmosphere alo",4.0,4.0,"[
  {
    ""review_id"": 7216,
    ""predicted_stars"": 1
  },
  {
    ""review_id"": 4216,
    ""predicted_stars"": 5
  },
  {
    ""review_id"": 7952,
    ""predicted_stars"": 4
  },
  {
    ""review_id"": 5970,
    ""predicted_stars"": 4
  },
  {
    ""review_id"": 3350,
    ""predicted_stars"": 5
  }
]",True,
"The 4 stars is in comparison to other Chipotle's I've been to, especially in this area.

I have to admit, when they were building this plaza, my friends and I tried to guess every day what it was going to be. We had it narrowed down to a Chipotle or a sushi joint (both would kill me for sure) and I cannot believe we were actually right. 

I am pretty pleased with this place. Both times I've stopped by it's been clean and pretty speedy service. Every time I come in, I am surprised by all the extra room around to the side and out on the patio and it makes me happy.

I'm sure anyone reading this ",4.0,4.0,"[
  {
    ""review_id"": 7216,
    ""predicted_stars"": 1
  },
  {
    ""review_id"": 4216,
    ""predicted_stars"": 5
  },
  {
    ""review_id"": 7952,
    ""predicted_stars"": 4
  },
  {
    ""review_id"": 5970,
    ""predicted_stars"": 4
  },
  {
    ""review_id"": 3350,
    ""predicted_stars"": 5
  }
]",True,
"Great place to see a show.  Prices are the best around, and it's never too crowded.",4.0,5.0,"[
  {
    ""review_id"": 7216,
    ""predicted_stars"": 1
  },
  {
    ""review_id"": 4216,
    ""predicted_stars"": 5
  },
  {
    ""review_id"": 7952,
    ""predicted_stars"": 4
  },
  {
    ""review_id"": 5970,
    ""predicted_stars"": 4
  },
  {
    ""review_id"": 3350,
    ""predicted_stars"": 5
  }
]",True,
Usually stop here for breakfast and mimosas. Agreed the service is not always the greatest but who expects 5star service at a breakfast/lunch cafe. I say have a mimosa and chill out. They also have a fun drink/beer list. Or fresh squeezed OJ that is worth the trip. The food is bought locally and prepared fresh so the wait is worth the quality. I usually do the omelettes... mushroom garlic. I can't refuse that mushroom sauce!! I have had their huge a#$ burgers and a couple of their sandwiches. The Loki and the vegetarian stand out. What ever you try I don't think you will be disappointed.,4.0,5.0,"[
  {
    ""review_id"": 4695,
    ""predicted_stars"": 5
  },
  {
    ""review_id"": 3399,
    ""predicted_stars"": 3
  },
  {
    ""review_id"": 4081,
    ""predicted_stars"": 5
  },
  {
    ""review_id"": 9149,
    ""predicted_stars"": 5
  },
  {
    ""review_id"": 1224,
    ""predicted_stars"": 5
  }
]",True,
"Nice clean airport with lots of places to shop and lots of food options.  Terminal 4 is nice.

Two things:  

1.  The marathon walk from the Southwest ticket counter to the D gates...good God, they need a tram or moving walkway.

2.  The Security bag screening machines are old and tiny; my bag got stuck; it's NEVER been a problem at any other airport I've been through (SMF, LAS, SNA, ONT, SAN, BUR, SEA, LAX...)

Oh, and if you rent a car, be sure to allow extra time because the shuttle ride to/from the airport itself is at least 10 minutes.  But it's a nice rental car area...",4.0,3.0,"[
  {
    ""review_id"": 4695,
    ""predicted_stars"": 5
  },
  {
    ""review_id"": 3399,
    ""predicted_stars"": 3
  },
  {
    ""review_id"": 4081,
    ""predicted_stars"": 5
  },
  {
    ""review_id"": 9149,
    ""predicted_stars"": 5
  },
  {
    ""review_id"": 1224,
    ""predicted_stars"": 5
  }
]",True,
"While doing a bicycle ride to the Orange Table, I pointed to a friend that LuLus Cupcakes was accessbile from our bike path. She immediately exclaimed- ""we are SO there tomorrow!""

Today, I get a phone call at 4pm, saying she is picking me up to go get those damn cupcakes. She was serious! Since I had off and she got off early, we were able to visit the holy mecca of cupcake land. She picked me up in what may be one of the most ridiculous blue convertables known to man and we zoomed up to Scottsdale, blasting bad hip hop, psyched about individual iced cakes!

Upon arrival, the space was sparse",4.0,5.0,"[
  {
    ""review_id"": 4695,
    ""predicted_stars"": 5
  },
  {
    ""review_id"": 3399,
    ""predicted_stars"": 3
  },
  {
    ""review_id"": 4081,
    ""predicted_stars"": 5
  },
  {
    ""review_id"": 9149,
    ""predicted_stars"": 5
  },
  {
    ""review_id"": 1224,
    ""predicted_stars"": 5
  }
]",True,
"The Harkins Camelview 5 gives Arizonans the unique opportunity to see movies that are normally reserved for screens in NY and CA. Without this theater there would be very little chance to see independent or foreign films in Phoenix. I give a lot of credit to Dan Harkins for keeping this theater open. He certainly can't  make much money at this location. It's financially  impractical to keep such a small theater operating on such prime real estate. This just shows Dan Harkin's commitment to sharing great films with the people of AZ. 

Thanks Dan!",5.0,5.0,"[
  {
    ""review_id"": 4695,
    ""predicted_stars"": 5
  },
  {
    ""review_id"": 3399,
    ""predicted_stars"": 3
  },
  {
    ""review_id"": 4081,
    ""predicted_stars"": 5
  },
  {
    ""review_id"": 9149,
    ""predicted_stars"": 5
  },
  {
    ""review_id"": 1224,
    ""predicted_stars"": 5
  }
]",True,
"El Taco de Chandler exceeded my expectations.  I've driven past it almost every day for a year.  My curiosity finally got to me, so my boyfriend and I went in to try the food.  We waited quite a few minutes (easily 10 to 15) for our order, which is a good sign for fresh preparations.  The joint is hooked up with a juke box, pool table, dining area with tables and chairs, and two benches near the register, for those waiting to take their food home.  There were special desserts in a glass display cabinet, including coconut clusters and sweets I've seen in Mexico.  The assortment of beverages is ",4.0,5.0,"[
  {
    ""review_id"": 4695,
    ""predicted_stars"": 5
  },
  {
    ""review_id"": 3399,
    ""predicted_stars"": 3
  },
  {
    ""review_id"": 4081,
    ""predicted_stars"": 5
  },
  {
    ""review_id"": 9149,
    ""predicted_stars"": 5
  },
  {
    ""review_id"": 1224,
    ""predicted_stars"": 5
  }
]",True,
"Drunk people go here. Service is good depending who you get. The Burger according to one Arik B can not taste his burger. When ask the server, how come my friend Arik b can't taste his burger? Why?

You had to be there to laugh. What a fun night!!!!

Don't order the pancakes, they are not very good. The chicken strips were a-ok.",3.0,3.0,"[
  {
    ""review_id"": 6292,
    ""predicted_stars"": 3
  },
  {
    ""review_id"": 3122,
    ""predicted_stars"": 4
  },
  {
    ""review_id"": 510,
    ""predicted_stars"": 3
  },
  {
    ""review_id"": 5794,
    ""predicted_stars"": 4
  },
  {
    ""review_id"": 8181,
    ""predicted_stars"": 5
  }
]",True,
"I finally went here, after reading the reviews and pouting about how busy I was with work and how it is hard to find someone to be my Designated Driver, since Arizona is way more strict than NJ when it comes to people drinking and driving.  

So, I finally arrived at Casey Moore's last night and was impressed.  This is an upgraded Irish pub/bar with a great beer selection, yummy yummy yummy crab cakes, and a cozy atmosphere.  

It was Thursday night in which they have a special on Kiltlifter (sp?) and I was pretty excited.  The music was not that good.  I wish that they would have a DJ there o",4.0,4.0,"[
  {
    ""review_id"": 6292,
    ""predicted_stars"": 3
  },
  {
    ""review_id"": 3122,
    ""predicted_stars"": 4
  },
  {
    ""review_id"": 510,
    ""predicted_stars"": 3
  },
  {
    ""review_id"": 5794,
    ""predicted_stars"": 4
  },
  {
    ""review_id"": 8181,
    ""predicted_stars"": 5
  }
]",True,
"Not the newest or the nicest but, everything you need and usually no wait for machines. The staff is super nice and there are magazines to read while your there. If they could just turn up the AC a little bit and put ESPN on more than two of the TVs.",3.0,3.0,"[
  {
    ""review_id"": 6292,
    ""predicted_stars"": 3
  },
  {
    ""review_id"": 3122,
    ""predicted_stars"": 4
  },
  {
    ""review_id"": 510,
    ""predicted_stars"": 3
  },
  {
    ""review_id"": 5794,
    ""predicted_stars"": 4
  },
  {
    ""review_id"": 8181,
    ""predicted_stars"": 5
  }
]",True,
"wouldnt you agree that a key part of enjoying the dining experience in part depends upon the company you are dining with?!  having said that, the times i have dined at abuelos have been with my fellow co-workers, all female, and yes, we all get along!  needless to say, we had totally fun & memorable experiences, filled with great conversations, great food and good prices.  their corn chips are fresh and lite, their salsa comes in different levels of heat.  i usually request the hot salsa.  i'm partial to their chicken enchilada.  portions are just right, one is plenty for me, usually served wi",4.0,4.0,"[
  {
    ""review_id"": 6292,
    ""predicted_stars"": 3
  },
  {
    ""review_id"": 3122,
    ""predicted_stars"": 4
  },
  {
    ""review_id"": 510,
    ""predicted_stars"": 3
  },
  {
    ""review_id"": 5794,
    ""predicted_stars"": 4
  },
  {
    ""review_id"": 8181,
    ""predicted_stars"": 5
  }
]",True,
"Love Belly Rubz!! At first little Oscar was timid about me dropping him off but when I came to pick him up he didn't want to quit playing! He has really bad separation anxiety and hates kennels, so it is always worrisome when we try a new groomer. He loved playing and came out looking so handsome! We will be returning to Belly Rubz this week for some more play time and grooming!",5.0,5.0,"[
  {
    ""review_id"": 6292,
    ""predicted_stars"": 3
  },
  {
    ""review_id"": 3122,
    ""predicted_stars"": 4
  },
  {
    ""review_id"": 510,
    ""predicted_stars"": 3
  },
  {
    ""review_id"": 5794,
    ""predicted_stars"": 4
  },
  {
    ""review_id"": 8181,
    ""predicted_stars"": 5
  }
]",True,
"This place is fantastic. Great food, superior service, gorgeous decor... I had a Breakfast Casserole and a generous side of Cheesy Grits. My girlfriend had the Blue Plate Special which was a frittata. 
The Breakfast Casserole is a medley of sausage, roasted vegetables, and potatoes with cheese, topped with a poached egg. There were no overwhelmingly strong or weak flavors, and I didn't see any extra oil in the dish. It came with a side of toast. I chose the marble rye and was disappointed only to see that the butter it came with was a hard stick. The grits were definetly made with milk and but",5.0,5.0,"[
  {
    ""review_id"": 9417,
    ""predicted_stars"": 5
  },
  {
    ""review_id"": 96,
    ""predicted_stars"": 4
  },
  {
    ""review_id"": 6681,
    ""predicted_stars"": 4
  },
  {
    ""review_id"": 1512,
    ""predicted_stars"": 4
  },
  {
    ""review_id"": 8791,
    ""predicted_stars"": 4
  }
]",True,
"Had dinner and brunch, not on the same day...the dinner was good, although I thought the mandala masala could have used more flavor.  Brunch was great, tried 2 different tofu scrambles and both were very good.  Service is...let's say uninterested -- it's hard to be burdened with angst and chipper.",4.0,4.0,"[
  {
    ""review_id"": 9417,
    ""predicted_stars"": 5
  },
  {
    ""review_id"": 96,
    ""predicted_stars"": 4
  },
  {
    ""review_id"": 6681,
    ""predicted_stars"": 4
  },
  {
    ""review_id"": 1512,
    ""predicted_stars"": 4
  },
  {
    ""review_id"": 8791,
    ""predicted_stars"": 4
  }
]",True,
"Rolling Hills is two executive courses, and great for a quick cheap round of golf.  Totally not an out of towner destination course, but a nice little local fave of mine.  The front nine is the old course, and is a bit like mini-golfing, a fun distraction.  You even get to hear the occasional strange animal sound from the zoo hidden behind the trees along a couple holes.  The back nine is a newer build, and is way more challenging and scenic.  Either way they both give a fantastic view of the valley, and it's a great place to play a quick 9 holes after work in just over an hour

Only eaten at ",3.0,4.0,"[
  {
    ""review_id"": 9417,
    ""predicted_stars"": 5
  },
  {
    ""review_id"": 96,
    ""predicted_stars"": 4
  },
  {
    ""review_id"": 6681,
    ""predicted_stars"": 4
  },
  {
    ""review_id"": 1512,
    ""predicted_stars"": 4
  },
  {
    ""review_id"": 8791,
    ""predicted_stars"": 4
  }
]",True,
"I had my first meal at Miele's last night, and was pleasantly surprised.  I purchased a Groupon to the restaurant a month or so ago, and am glad that I did because otherwise may not have noticed this cute place amongst it's neighbors in the strip mall.

We started with the brochette, and spent the next 10 minutes raving about how amazing it was.  The tomatoes were crisp and fresh, the chopped garlic was very complimentary, and the oil had a fantastic flavor.  Definitely a good choice.  For dinner I had the spaghetti and meatballs and my boy had the chicken toscana.  Both had a very authentic I",4.0,4.0,"[
  {
    ""review_id"": 9417,
    ""predicted_stars"": 5
  },
  {
    ""review_id"": 96,
    ""predicted_stars"": 4
  },
  {
    ""review_id"": 6681,
    ""predicted_stars"": 4
  },
  {
    ""review_id"": 1512,
    ""predicted_stars"": 4
  },
  {
    ""review_id"": 8791,
    ""predicted_stars"": 4
  }
]",True,
"Sure it's walking distance from my house - so I was hoping I would have a new place for my morning tea.   After finally re-opening after the fire on 16th and Bethany Home, I was excited to check out Luci's.

The design of the the place is fantastic simple, sexy, a little modern and throw in some retro corner grocery feel.  I was greeted with fun, friendly service, and then left with a great pastry and a tasty ice tea for the road.  

They seem to still be working out some kinks since the re-open, but I see it only getting better.  In fact I just got myself excited.  I think I am going to head ",4.0,4.0,"[
  {
    ""review_id"": 9417,
    ""predicted_stars"": 5
  },
  {
    ""review_id"": 96,
    ""predicted_stars"": 4
  },
  {
    ""review_id"": 6681,
    ""predicted_stars"": 4
  },
  {
    ""review_id"": 1512,
    ""predicted_stars"": 4
  },
  {
    ""review_id"": 8791,
    ""predicted_stars"": 4
  }
]",True,
"Take your money elsewhere, unless you've got kids.  I really try to like this place.  A family member signed me up for the discount card, so I've been going more often, but I just don't love it.  It's simply ok, but the prices are outrageous.  And the sounds and animatronics are a huge distraction from the so-so food.  The cocktails are alright, but, again, the price is not right.  The ony thing fun about the place for an adult is the gift shop and the light-up cocktail glasses (which cost extra.)  I've seen a lot of happy families in here though, so I bet it's better if you have little ones t",1.0,2.0,"[  
   {  
      ""review_id"":119,
      ""predicted_stars"":2
   },
   {  
      ""review_id"":7791,
      ""predicted_stars"":5
   },
   {  
      ""review_id"":6517,
      ""predicted_stars"":3
   },
   {  
      ""review_id"":33,
      ""predicted_stars"":4
   },
   {  
      ""review_id"":7887,
      ""predicted_stars"":2
   }
]",True,
"Yum yum yum! Mexican food has to me my favorite type of food and Arriba is for sure at the top of my list for Mexican restaurants! This is a New Mexican style restaurant with lots of hatch green chilies in their dishes. You can also buy them fresh from here by the pound during the month of August. 

I have eaten here probably 30+ times and they are always consistent. The chips are always fresh and warm  they serve two different salsas as well as bean dip. All three are the bomb! My favorite item on the menu is the whitesands chimichanga. Do not order this though if you can't handle spicy stuff",5.0,5.0,"[  
   {  
      ""review_id"":119,
      ""predicted_stars"":2
   },
   {  
      ""review_id"":7791,
      ""predicted_stars"":5
   },
   {  
      ""review_id"":6517,
      ""predicted_stars"":3
   },
   {  
      ""review_id"":33,
      ""predicted_stars"":4
   },
   {  
      ""review_id"":7887,
      ""predicted_stars"":2
   }
]",True,
"I was here not too long ago.  The place is cute and when you look at the menu, you can't help but be get excited to go there the first time.  But its one of those places that after trying it the first time, you never have the same excitement to eat there and when debating where to have dinner on a given night in the area, Main Ingredient always comes up as your third choice in case the your first two preferences are either closed or packed.  

Meal:  We both had sandwiches and a side of the mac and cheese.  I can't remember what local beers we had, but they were excellent.  They have a terrifi",4.0,3.0,"[  
   {  
      ""review_id"":119,
      ""predicted_stars"":2
   },
   {  
      ""review_id"":7791,
      ""predicted_stars"":5
   },
   {  
      ""review_id"":6517,
      ""predicted_stars"":3
   },
   {  
      ""review_id"":33,
      ""predicted_stars"":4
   },
   {  
      ""review_id"":7887,
      ""predicted_stars"":2
   }
]",True,
I went here again when I got back to Phoenix after being gone for six months. This is one of my mom's favorite places to eat and I can understand why. The ravioli and the miso soup are so delicious! The wine was ok and I would recommend one of their elixirs over an alcohol beverage. Still a pretty delicious place to go in Phoenix.,4.0,4.0,"[  
   {  
      ""review_id"":119,
      ""predicted_stars"":2
   },
   {  
      ""review_id"":7791,
      ""predicted_stars"":5
   },
   {  
      ""review_id"":6517,
      ""predicted_stars"":3
   },
   {  
      ""review_id"":33,
      ""predicted_stars"":4
   },
   {  
      ""review_id"":7887,
      ""predicted_stars"":2
   }
]",True,
This place isn't all that but there food is OK.  There are better Chinese options for the price (try Chinese Cultural Center restaurants).  The restaurant itself is well furnished and clean but I can't get over the fact that people rave about this place.,3.0,2.0,"[  
   {  
      ""review_id"":119,
      ""predicted_stars"":2
   },
   {  
      ""review_id"":7791,
      ""predicted_stars"":5
   },
   {  
      ""review_id"":6517,
      ""predicted_stars"":3
   },
   {  
      ""review_id"":33,
      ""predicted_stars"":4
   },
   {  
      ""review_id"":7887,
      ""predicted_stars"":2
   }
]",True,
"So freaking good.  The drinks are great too.  Ask for ""the icon"" not on menu, but very good!

Love everything I had there!  Service is great and food is absolutely delicious!  Wish I lived closer!",5.0,5.0,"[  
   {  
      ""review_id"": 6830,
      ""predicted_stars"": 5
   },
   {  
      ""review_id"": 0,
      ""predicted_stars"": 5
   },
   {  
      ""review_id"": 5421,
      ""predicted_stars"": 5
   },
   {  
      ""review_id"": 1068,
      ""predicted_stars"": 4
   },
   {  
      ""review_id"": 1347,
      ""predicted_stars"": 5
   },
   {  
      ""review_id"": 4747,
      ""predicted_stars"": 3
   }
]",True,
,,,"[  
   {  
      ""review_id"": 6830,
      ""predicted_stars"": 5
   },
   {  
      ""review_id"": 0,
      ""predicted_stars"": 5
   },
   {  
      ""review_id"": 5421,
      ""predicted_stars"": 5
   },
   {  
      ""review_id"": 1068,
      ""predicted_stars"": 4
   },
   {  
      ""review_id"": 1347,
      ""predicted_stars"": 5
   },
   {  
      ""review_id"": 4747,
      ""predicted_stars"": 3
   }
]",False,Invalid or missing review_id
Another excellent find in Scottsdale.  The service is wonderful and the food is extremely flavorful with good size portions.  The sea scallops and herb chicken are highly recommended.,5.0,5.0,"[  
   {  
      ""review_id"": 6830,
      ""predicted_stars"": 5
   },
   {  
      ""review_id"": 0,
      ""predicted_stars"": 5
   },
   {  
      ""review_id"": 5421,
      ""predicted_stars"": 5
   },
   {  
      ""review_id"": 1068,
      ""predicted_stars"": 4
   },
   {  
      ""review_id"": 1347,
      ""predicted_stars"": 5
   },
   {  
      ""review_id"": 4747,
      ""predicted_stars"": 3
   }
]",True,
"I do enjoy this coffee shop, though admittedly it has largely subscribed to bohemian bloodletting since emerging from the former Willo House. They still present photographs, paintings, sculptures and more throughout the cafe, most, if not all, for sale. The clientele has changed, as has the interior. Regardless, it's still a nice place for coffee. For those who haven't been, it's set in an old house on the southeast corner of 3rd Avenue and McDowell. Personally, one of my favorite activities is to start here for coffee and take a walking tour in the area. It's one of the few neighborhoods in P",4.0,4.0,"[  
   {  
      ""review_id"": 6830,
      ""predicted_stars"": 5
   },
   {  
      ""review_id"": 0,
      ""predicted_stars"": 5
   },
   {  
      ""review_id"": 5421,
      ""predicted_stars"": 5
   },
   {  
      ""review_id"": 1068,
      ""predicted_stars"": 4
   },
   {  
      ""review_id"": 1347,
      ""predicted_stars"": 5
   },
   {  
      ""review_id"": 4747,
      ""predicted_stars"": 3
   }
]",True,
Thai Basil is just delicious! I love Thai food but i try not t drag the bf along too much since he has not yet found a Thai place that has a dish he really loves but that changes since bringing him here ! WHOOP WHOOP!   Really good and quick service for either eating in or taking to go ( we have done both). He is in love right now with their chow mein and i as always am a big fan of Pad Thai.  their pad Thai is not as spicy as other places i have been which is ok considering i can spice it up myself if necessary. only downfall for me is i am not a fan t all of their sweet and sour pork which i,4.0,5.0,"[  
   {  
      ""review_id"": 6830,
      ""predicted_stars"": 5
   },
   {  
      ""review_id"": 0,
      ""predicted_stars"": 5
   },
   {  
      ""review_id"": 5421,
      ""predicted_stars"": 5
   },
   {  
      ""review_id"": 1068,
      ""predicted_stars"": 4
   },
   {  
      ""review_id"": 1347,
      ""predicted_stars"": 5
   },
   {  
      ""review_id"": 4747,
      ""predicted_stars"": 3
   }
]",True,
"My sis recommend this place for our weekly dinner. We shared on of the large appetizer platters (hummus, baba ganoush, tabouli and dolmades and two pitas). Very good and perfect for a light dinner. I would have to say the best thing was the fresh lemonade...wow! If you like tart you'll love this. 

I thought overall the service was great. Not only was our waitress extremely attentive but the manager stopped by to make sure we were enjoying our food

I give The Flaming Kabob 3 stars!",3.0,3.0,"[  
   {  
      ""review_id"": 6830,
      ""predicted_stars"": 5
   },
   {  
      ""review_id"": 0,
      ""predicted_stars"": 5
   },
   {  
      ""review_id"": 5421,
      ""predicted_stars"": 5
   },
   {  
      ""review_id"": 1068,
      ""predicted_stars"": 4
   },
   {  
      ""review_id"": 1347,
      ""predicted_stars"": 5
   },
   {  
      ""review_id"": 4747,
      ""predicted_stars"": 3
   }
]",True,
"Never been in - but I get pizza delivered from them now and then. I am a New Yorker and to call me a pizza snob probably doesn't go far enough.

The crust is crispy, thin, and foldable, the outside edges, crispy and bubbly. Great mozzarella. I have never been disappointed by a topping. A little greasy, as it should be; it reminds me of NY pizza, and that's a big compliment coming from me.

We don't have a Ray's in Central Phoenix... but we do have Mamma Mia's. 

Yo! Tony! You make a good pizza.",4.0,5.0,"[
  {
    ""review_id"": 6005,
    ""predicted_stars"": 5
  },
  {
    ""review_id"": 6039,
    ""predicted_stars"": 5
  },
  {
    ""review_id"": 3817,
    ""predicted_stars"": 5
  },
  {
    ""review_id"": 8446,
    ""predicted_stars"": 4
  },
  {
    ""review_id"": 5269,
    ""predicted_stars"": 3
  }
]",True,
"I am not usually a fan of botanical gardens. They seem too precious, too ""perfect"" to be of much interest. And, let's face it, flowers and plants are beautiful things, but when you pay to look at them in neat rows, something is lost.

That said, Desert Botanical Gardens is an exception to this garden cynic. Many of these cacti look like they are from another planet, like something you would see in a sci-fi film and say, ""wow, it's too bad those crazy plants don't exist."" They sprawl out on the ground, weaving and turning every which way, or compose huge bizarre formations high off the ground. ",5.0,5.0,"[
  {
    ""review_id"": 6005,
    ""predicted_stars"": 5
  },
  {
    ""review_id"": 6039,
    ""predicted_stars"": 5
  },
  {
    ""review_id"": 3817,
    ""predicted_stars"": 5
  },
  {
    ""review_id"": 8446,
    ""predicted_stars"": 4
  },
  {
    ""review_id"": 5269,
    ""predicted_stars"": 3
  }
]",True,
"Thanks fellow yelpers for brining us to Four Peaks!  My husband and I were stuck in Phoenix for the night and needed a place for dinner.  Ironically we ended up at Four Peaks (a Vikings bar) on our way back home to Minnesota.  

My husband loves beer (brews a ton of his own) and especially enjoyed the beer sampler. Trying 10 beers for around $9, yes please!  I don't really love beer so I had a cider and it was exactly what I needed.  For dinner I had the turkey burger with fries.  The turkey burger was standard but the fries were awesome.  I think it was the beer batter.  My husband go the car",5.0,5.0,"[
  {
    ""review_id"": 6005,
    ""predicted_stars"": 5
  },
  {
    ""review_id"": 6039,
    ""predicted_stars"": 5
  },
  {
    ""review_id"": 3817,
    ""predicted_stars"": 5
  },
  {
    ""review_id"": 8446,
    ""predicted_stars"": 4
  },
  {
    ""review_id"": 5269,
    ""predicted_stars"": 3
  }
]",True,
"We went over for dinner- had the spring rolls, chicken curry, and lemongrass chicken. The spring rolls and lemongrass chicken were about a 3 star, but the chicken curry was really good and made up for the others. We also had the coconut water, which was fresh. Prices were reasonable we paid around $30.",4.0,4.0,"[
  {
    ""review_id"": 6005,
    ""predicted_stars"": 5
  },
  {
    ""review_id"": 6039,
    ""predicted_stars"": 5
  },
  {
    ""review_id"": 3817,
    ""predicted_stars"": 5
  },
  {
    ""review_id"": 8446,
    ""predicted_stars"": 4
  },
  {
    ""review_id"": 5269,
    ""predicted_stars"": 3
  }
]",True,
"I've been here a few times now and I would say it is decent, slightly overpriced Mexican food. Their regular dishes are just OK. I have had their tacos and enchiladas and prefer Arriba's (right next door) or Carlos O'briens, just down the street. There is even some mom and pop place by my apartments that equates to the quality and taste. 

What I like about Los Olivos is their Nachos. OMG this thing is huge. Imagine a large pizza in your head and then replace that image with the same size plate of nachos. I am not even kidding. Four or more people could munch on this. They do it exactly how I ",2.0,3.0,"[
  {
    ""review_id"": 6005,
    ""predicted_stars"": 5
  },
  {
    ""review_id"": 6039,
    ""predicted_stars"": 5
  },
  {
    ""review_id"": 3817,
    ""predicted_stars"": 5
  },
  {
    ""review_id"": 8446,
    ""predicted_stars"": 4
  },
  {
    ""review_id"": 5269,
    ""predicted_stars"": 3
  }
]",True,
"01/04/2012

I thank Yelp and ATC for giving me the great opportunity to experience a terrific performance of ""Daddy Long Legs,"" ATC's first musical production, at The Herberger Theater tonight!  The two-actor (Megan McGinnis and Robert Adelman Hancock) musical, plus the invisible, but great assets, the orchestra and sound crew, entertained and amazed me w/ their execution of a well-written body of work.  It had comedy, romance, deception, and sorrow, to name a few... what's not to like?  Truly enjoyed McGinnis' impeccable timing, as well.  It is sad that many people pass up the opportunity to ",5.0,5.0,"[
  {
    ""review_id"": 6897,
    ""predicted_stars"": 5
  },
  {
    ""review_id"": 5309,
    ""predicted_stars"": 5
  },
  {
    ""review_id"": 31,
    ""predicted_stars"": 1
  },
  {
    ""review_id"": 5674,
    ""predicted_stars"": 2
  },
  {
    ""review_id"": 4386,
    ""predicted_stars"": 3
  }
]",True,
"In spite of being on the corner of 44th and Camelback it does a good job of insulating you from the traffic and taking you some place else, in this case our dear Communist neighbors to the South.  I like the sampler because it allows you to enjoy the finest island interpretations of pork, beef, and chicken.  Also, no meal is complete without going bananas for the ....well, tostones.

You gotta hand it to those Castro brothers.  They forcefully preside over a country that has a pretty great national cuisine.  Viva La Revolucion!",4.0,5.0,"[
  {
    ""review_id"": 6897,
    ""predicted_stars"": 5
  },
  {
    ""review_id"": 5309,
    ""predicted_stars"": 5
  },
  {
    ""review_id"": 31,
    ""predicted_stars"": 1
  },
  {
    ""review_id"": 5674,
    ""predicted_stars"": 2
  },
  {
    ""review_id"": 4386,
    ""predicted_stars"": 3
  }
]",True,
Disgusting!  Had a Groupon so my daughter and I tried it out.  Very outdated and gaudy 80's style interior made me feel like I was in an episode of Sopranos.  The food itself was pretty bad.  We ordered pretty simple dishes but they just had no flavor at all!  After trying it out I'm positive all the good reviews on here are employees or owners creating them.,1.0,1.0,"[
  {
    ""review_id"": 6897,
    ""predicted_stars"": 5
  },
  {
    ""review_id"": 5309,
    ""predicted_stars"": 5
  },
  {
    ""review_id"": 31,
    ""predicted_stars"": 1
  },
  {
    ""review_id"": 5674,
    ""predicted_stars"": 2
  },
  {
    ""review_id"": 4386,
    ""predicted_stars"": 3
  }
]",True,
"I don't often review places on Yelp because of the time commitment and because usually I am just looking for a good bite to eat. This time, though I feel I should if not to balance the ridiculous number of 4 and 5 stars bouncing around for this place.
The food was decent, and the atmosphere OK but seriously, how can this place cost as much as it does ($60+ for two people eating light)?? And how are people fawning all over it? I don't like to complain about a good meal, and indeed this meal was good but I can't seem to justify the cost as compared to most any other place I have tried in Phoenix",2.0,2.0,"[
  {
    ""review_id"": 6897,
    ""predicted_stars"": 5
  },
  {
    ""review_id"": 5309,
    ""predicted_stars"": 5
  },
  {
    ""review_id"": 31,
    ""predicted_stars"": 1
  },
  {
    ""review_id"": 5674,
    ""predicted_stars"": 2
  },
  {
    ""review_id"": 4386,
    ""predicted_stars"": 3
  }
]",True,
"Okay, so I like Canteen and all, but dear Lord, let's turn that music down a notch! These guys have a great happy hour, but I realistically wouldn't come here if it weren't for that. I quite enjoy the small bites' baby back ribs - the portions are so small, but since they are half price during happy hour, I get two orders! I'm not a big fan of Tequila, but I know they have a big selection (obviously). I really like the atmosphere here, and the service has always been good. I may or may not come back, but we'll see. Three solid stars from me.",3.0,3.0,"[
  {
    ""review_id"": 6897,
    ""predicted_stars"": 5
  },
  {
    ""review_id"": 5309,
    ""predicted_stars"": 5
  },
  {
    ""review_id"": 31,
    ""predicted_stars"": 1
  },
  {
    ""review_id"": 5674,
    ""predicted_stars"": 2
  },
  {
    ""review_id"": 4386,
    ""predicted_stars"": 3
  }
]",True,
"Always reliably good.  Great beer selection as well as fabulous ""bitch fizz"" (ciders, etc.) and cocktails.  Their pizza is outstanding AND they have a healthy menu.  I generally steer clear of chains but this is an exception.",4.0,5.0,"[
  {
    ""review_id"": 29,
    ""predicted_stars"": 5
  },
  {
    ""review_id"": 4202,
    ""predicted_stars"": 1
  },
  {
    ""review_id"": 7507,
    ""predicted_stars"": 1
  },
  {
    ""review_id"": 735,
    ""predicted_stars"": 5
  },
  {
    ""review_id"": 2067,
    ""predicted_stars"": 4
  }
]",True,
"This gas station is like the bermuda triangle of gas stations!
I came here w/ a friend on a first friday, she was DD'ing and i was her passenger ""and i ride and i ride i ride through the city's backside.."" until we eventually reached E and desperatly needed petrol. Like a suspicious siren this little green long necked demon sang to us, luring us in w/ his dino siren song. As we pulled in a car was broken down near the entrance and several dudes were milling around the engine, hood propped open, pondering their next move. I grimaced at their misfortune. We filled up, i strolled inside to pay fo",2.0,1.0,"[
  {
    ""review_id"": 29,
    ""predicted_stars"": 5
  },
  {
    ""review_id"": 4202,
    ""predicted_stars"": 1
  },
  {
    ""review_id"": 7507,
    ""predicted_stars"": 1
  },
  {
    ""review_id"": 735,
    ""predicted_stars"": 5
  },
  {
    ""review_id"": 2067,
    ""predicted_stars"": 4
  }
]",True,
"The service here was awful, we waited patiently for over 15 minutes for our server to come by our table. Finally a hostess came by and noticed nobody was helping us and got us drinks. Another 15 minutes roll by and finally our server decides to make an appearance saying ""have you guys decided yet on what you want?"", uhh yeah!
Overall, service was poor and food was just okay. Won't be going back.",1.0,1.0,"[
  {
    ""review_id"": 29,
    ""predicted_stars"": 5
  },
  {
    ""review_id"": 4202,
    ""predicted_stars"": 1
  },
  {
    ""review_id"": 7507,
    ""predicted_stars"": 1
  },
  {
    ""review_id"": 735,
    ""predicted_stars"": 5
  },
  {
    ""review_id"": 2067,
    ""predicted_stars"": 4
  }
]",True,
"Finally, a pizza place that satisfies the individual pizza taste buds of my family! We ordered the Rocky's Philly Steak Pizza along with a cheese pizza and both were delicious! Everyone left happy.",4.0,5.0,"[
  {
    ""review_id"": 29,
    ""predicted_stars"": 5
  },
  {
    ""review_id"": 4202,
    ""predicted_stars"": 1
  },
  {
    ""review_id"": 7507,
    ""predicted_stars"": 1
  },
  {
    ""review_id"": 735,
    ""predicted_stars"": 5
  },
  {
    ""review_id"": 2067,
    ""predicted_stars"": 4
  }
]",True,
"This place is right up my alley.

Smithwick's on tap- check
Awesome fish & chips (award-winning for a good reason)- check
Good pub vibe accompanied by live music- check
A nice soccer following (the unofficial bar for Glasgow Celtic supporters- not my club, but good enough)- check

I'll go with 4 & 1/4 stars.",4.0,4.0,"[
  {
    ""review_id"": 29,
    ""predicted_stars"": 5
  },
  {
    ""review_id"": 4202,
    ""predicted_stars"": 1
  },
  {
    ""review_id"": 7507,
    ""predicted_stars"": 1
  },
  {
    ""review_id"": 735,
    ""predicted_stars"": 5
  },
  {
    ""review_id"": 2067,
    ""predicted_stars"": 4
  }
]",True,
"After driving down a teeny dimly lit road and coming across what looked like a medical office building in the 60's, my husband and I found the amazing Fuego Bistro. We had a perfect meal there. Amazing ambiance, twinkly lights in the courtyard, live musician. Great wine. Food was so unique and delicious- I'd describe it as Southern-Spanish fusion. This meal was the highlight of our trip to Phoenix. 

If you live in Phoenix, you have no excuse to not come here. I live in Chicago and I'm sure I'll be back.",5.0,5.0,"[
  {
    ""review_id"": 106,
    ""predicted_stars"": 5
  },
  {
    ""review_id"": 9644,
    ""predicted_stars"": 5
  },
  {
    ""review_id"": 8894,
    ""predicted_stars"": 4
  },
  {
    ""review_id"": 8020,
    ""predicted_stars"": 4
  },
  {
    ""review_id"": 2232,
    ""predicted_stars"": 4
  }
]",True,
The meat and bread is so fresh that it makes Mr. Goodcents my number one sub place to hit up when in the mood for a sub,4.0,5.0,"[
  {
    ""review_id"": 106,
    ""predicted_stars"": 5
  },
  {
    ""review_id"": 9644,
    ""predicted_stars"": 5
  },
  {
    ""review_id"": 8894,
    ""predicted_stars"": 4
  },
  {
    ""review_id"": 8020,
    ""predicted_stars"": 4
  },
  {
    ""review_id"": 2232,
    ""predicted_stars"": 4
  }
]",True,
"Been dining here about a year and still trying diff things from the menu and all have been good. I don't think the heat is unedible even the hottest plates are just ""good"" hot.",4.0,4.0,"[
  {
    ""review_id"": 106,
    ""predicted_stars"": 5
  },
  {
    ""review_id"": 9644,
    ""predicted_stars"": 5
  },
  {
    ""review_id"": 8894,
    ""predicted_stars"": 4
  },
  {
    ""review_id"": 8020,
    ""predicted_stars"": 4
  },
  {
    ""review_id"": 2232,
    ""predicted_stars"": 4
  }
]",True,
"As a travel consultant for cre8adventures.com, we came away impressed. This is a moderately priced getaway of unquestionable value. For travelers seeking style in an in-town locale, this chic desert retreat may currently fall behind the Mondrian, but it easily surpasses Chaparral Suites next door. The staff is showing off its Kimpton training, and the service standards were very welcome. This hotel gets high marks on all fronts.

Taggia, the hotel's new restaurant, is a stylish Italian venue with a unique Ligurian-anchored menu that features fresh seafood and creative traditionally inspired di",4.0,4.0,"[
  {
    ""review_id"": 106,
    ""predicted_stars"": 5
  },
  {
    ""review_id"": 9644,
    ""predicted_stars"": 5
  },
  {
    ""review_id"": 8894,
    ""predicted_stars"": 4
  },
  {
    ""review_id"": 8020,
    ""predicted_stars"": 4
  },
  {
    ""review_id"": 2232,
    ""predicted_stars"": 4
  }
]",True,
"I really love Pita Jungle.  My first experience was at the one downtown, and now, I have to get my fix.  I found this location since it is close to my home, and wanted to check it out.

Upon entering, I was pleased with the location.  Well decorated, clean, good lighting, ample seating.  I was greated by the hostess, and sat at the bar.  The place was pretty busy, and I was by myself.  I was greeted in a quick manner by a nice server from behind the bar.  I took a moment to review my menu, and decided to skip a full meal and go for some lentil soup.

Now, here is where things get dicey.  I won",4.0,4.0,"[
  {
    ""review_id"": 106,
    ""predicted_stars"": 5
  },
  {
    ""review_id"": 9644,
    ""predicted_stars"": 5
  },
  {
    ""review_id"": 8894,
    ""predicted_stars"": 4
  },
  {
    ""review_id"": 8020,
    ""predicted_stars"": 4
  },
  {
    ""review_id"": 2232,
    ""predicted_stars"": 4
  }
]",True,
"I only go here when my little cousin is in town and he adores this place. My cousin is 4 years old and obsessed with trains so he loves the small train display, the stationary trains you can walk through and the little train that goes around the park that you can ride on. A definite place to go with little kids especially if they like the trains.",3.0,5.0,"[
  {
    ""review_id"": 993,
    ""predicted_stars"": 5
  },
  {
    ""review_id"": 9412,
    ""predicted_stars"": 3
  },
  {
    ""review_id"": 7058,
    ""predicted_stars"": 4
  },
  {
    ""review_id"": 6789,
    ""predicted_stars"": 5
  },
  {
    ""review_id"": 360,
    ""predicted_stars"": 5
  }
]",True,
"I really wanted to fall madly in love with this place, I mean, a British themed pub in Heritage Square? So promising. 

As you walk in, the bartender is standing behind in an elaborate wooden bar structure. This made me think publican instead of bartender (as in ""Mate, I'll take a pint and d'ya have any rooms available?""), which is probably the idea. As there was nice selection of draught beers, we walked around to the bar to the right and ordered a couple of pints. I ordered a Boddingtons, my friend ordered a Stateside micro brew. (Would have been nice if they had Old Peculiar on tap, but you",3.0,3.0,"[
  {
    ""review_id"": 993,
    ""predicted_stars"": 5
  },
  {
    ""review_id"": 9412,
    ""predicted_stars"": 3
  },
  {
    ""review_id"": 7058,
    ""predicted_stars"": 4
  },
  {
    ""review_id"": 6789,
    ""predicted_stars"": 5
  },
  {
    ""review_id"": 360,
    ""predicted_stars"": 5
  }
]",True,
"With a name like ""The Lodge"", I thought I was going to an old dirty restaurant with some of the neighborhood locals. We went here after a soccer game two weeks ago, and I have to say, I thought I was going to be disappointed. I expected greasy food, and grimy scenery. This was not the case, although the scenery was mildly disturbing as most of the decor included some dearly departed wildlife. I had a great sandwich I believe called the healthy choice, that was supposedly was healthy? It came on this great thick toasted buttery whole grain bread, egg whites, hollindase sauce, tomato and avocado",4.0,4.0,"[
  {
    ""review_id"": 993,
    ""predicted_stars"": 5
  },
  {
    ""review_id"": 9412,
    ""predicted_stars"": 3
  },
  {
    ""review_id"": 7058,
    ""predicted_stars"": 4
  },
  {
    ""review_id"": 6789,
    ""predicted_stars"": 5
  },
  {
    ""review_id"": 360,
    ""predicted_stars"": 5
  }
]",True,
"I'm not going to lie - I indulged in fantasies about Howard Roark during the course of my 90-minute Insights tour. His spirit and convictions were brought to life by FLW and being in this incredible complex where he lived, worked and taught was indescribably cool.  The tour takes you around the property and through many of the rooms, restored to various periods of Frank's life. I was a bit dismayed at the disrepair some of the rooms are in, so I spent money in the gift shop hoping it will go to repairing some sad looking chairs and windowpanes.  
Overall, the tour guides are genius at describi",5.0,5.0,"[
  {
    ""review_id"": 993,
    ""predicted_stars"": 5
  },
  {
    ""review_id"": 9412,
    ""predicted_stars"": 3
  },
  {
    ""review_id"": 7058,
    ""predicted_stars"": 4
  },
  {
    ""review_id"": 6789,
    ""predicted_stars"": 5
  },
  {
    ""review_id"": 360,
    ""predicted_stars"": 5
  }
]",True,
"I got a coupon at a past Yelp event to try them out and I'm SO glad I did!  Massage Envy really exceeded my wildest expectations for a chain that offers affordable rates for massage therapy.  I was pleasantly surprised by the level of expertise and professionalism that I experienced!

My massage therapist was Dannie and she worked through my trigger points and loosened my tight muscles with an intuition that I have rarely experienced.

I highly recommend this place and hope to return soon!",5.0,5.0,"[
  {
    ""review_id"": 993,
    ""predicted_stars"": 5
  },
  {
    ""review_id"": 9412,
    ""predicted_stars"": 3
  },
  {
    ""review_id"": 7058,
    ""predicted_stars"": 4
  },
  {
    ""review_id"": 6789,
    ""predicted_stars"": 5
  },
  {
    ""review_id"": 360,
    ""predicted_stars"": 5
  }
]",True,
"I didn't pay much attention to this place for several years.  Passed it many times, just didn't catch my eye enough for me to remember it on those nights when I desperately try to think of some new place to try.

I've since been here twice (over about a 3 month time span), and I really love it.  First time, had great food (all server recommendations - although he disappeared prior to arrival of meal, seemed to be doing side work so he could bolt out).  Great although somewhat minimal service for the second half of our dinner, former waiter did not say he was leaving, we sat for a little while ",4.0,4.0,"[
  {
    ""review_id"": 304,
    ""predicted_stars"": 4
  },
  {
    ""review_id"": 2627,
    ""predicted_stars"": 2
  },
  {
    ""review_id"": 8965,
    ""predicted_stars"": 1
  },
  {
    ""review_id"": 4513,
    ""predicted_stars"": 4
  },
  {
    ""review_id"": 5910,
    ""predicted_stars"": 4
  }
]",True,
"Food is just ok, but the problem is it's way overpriced! I mean $9 for loco moco? Outrageous!",3.0,2.0,"[
  {
    ""review_id"": 304,
    ""predicted_stars"": 4
  },
  {
    ""review_id"": 2627,
    ""predicted_stars"": 2
  },
  {
    ""review_id"": 8965,
    ""predicted_stars"": 1
  },
  {
    ""review_id"": 4513,
    ""predicted_stars"": 4
  },
  {
    ""review_id"": 5910,
    ""predicted_stars"": 4
  }
]",True,
"I was searching for a unique item to give as a Thank You gift and I stopped by Practical Art over the Labor Day weekend after viewing some items on their website.  I was extremely under underwhelmed by the service I received and do not plan on returning.  

When I arrived the young woman behind the counter was having a personal conversation with an acquaintance.  Besides the employee and her conversation buddy the store was empty.  I spent about ten minutes looking around and the young woman did not have the common courtesy to acknowledge me with a simple ""Hello"", even as I was viewing items d",1.0,1.0,"[
  {
    ""review_id"": 304,
    ""predicted_stars"": 4
  },
  {
    ""review_id"": 2627,
    ""predicted_stars"": 2
  },
  {
    ""review_id"": 8965,
    ""predicted_stars"": 1
  },
  {
    ""review_id"": 4513,
    ""predicted_stars"": 4
  },
  {
    ""review_id"": 5910,
    ""predicted_stars"": 4
  }
]",True,
"the food here is deeee-licious. i like the decor, the ambiance, the menu, the waitstaff. however, i hate the feeling that i'm being some trendy little scottsdale frou-frou by eating here.

the salads are totally inventive and yummy, but a little on the sweet side. i loooooooooooove that you can add an egg (genius!!!) and fresh garlic to your pizza. i adore the fresh and homemade ingredients, and i really like the cute little neighborhood-eatery feel. eating here makes me feel as if i'm in a bigger city than phx. 

LGO is on the pricey side, and definitely caters to those who want to eat gourme",3.0,4.0,"[
  {
    ""review_id"": 304,
    ""predicted_stars"": 4
  },
  {
    ""review_id"": 2627,
    ""predicted_stars"": 2
  },
  {
    ""review_id"": 8965,
    ""predicted_stars"": 1
  },
  {
    ""review_id"": 4513,
    ""predicted_stars"": 4
  },
  {
    ""review_id"": 5910,
    ""predicted_stars"": 4
  }
]",True,
My boyfriend just reviewed this place and although we have never  been here together - I thought that I might chime in as well. I really enjoyed this little burger place.  It makes eating a burger seem fancy in a very modern setting.  I really LIKE the sweet potato french fries....Mmmmm!,4.0,4.0,"[
  {
    ""review_id"": 304,
    ""predicted_stars"": 4
  },
  {
    ""review_id"": 2627,
    ""predicted_stars"": 2
  },
  {
    ""review_id"": 8965,
    ""predicted_stars"": 1
  },
  {
    ""review_id"": 4513,
    ""predicted_stars"": 4
  },
  {
    ""review_id"": 5910,
    ""predicted_stars"": 4
  }
]",True,
"1. Good Customer Service
2. Clean Atmosphere
3. Good Margaritas
4. YUMMIE Carna Asada Burrito",3.0,5.0,"[
  {
    ""review_id"": 8313,
    ""predicted_stars"": 5
  },
  {
    ""review_id"": 3100,
    ""predicted_stars"": 5
  },
  {
    ""review_id"": 5703,
    ""predicted_stars"": 5
  },
  {
    ""review_id"": 3898,
    ""predicted_stars"": 5
  },
  {
    ""review_id"": 5440,
    ""predicted_stars"": 4
  }
]",True,
"I am proud to say that I sent Kristin S. here for her awesome hair transformation (8 inches is a lot, girl!) I just had my second hair cut here today, and I was just as happy this time as I was the first time around. First of all, the service is top notch - they take care of you quickly, kindly and enthusiastically. They are not snobby, which is a welcome relief when living in Scottsdale. I have always felt welcome and comfortable here. 

Moreover, the prices are amazing! I have very easy and basic hair, and they charge me $45 for a hair cut - if you want to spend more, you certainly can, but ",5.0,5.0,"[
  {
    ""review_id"": 8313,
    ""predicted_stars"": 5
  },
  {
    ""review_id"": 3100,
    ""predicted_stars"": 5
  },
  {
    ""review_id"": 5703,
    ""predicted_stars"": 5
  },
  {
    ""review_id"": 3898,
    ""predicted_stars"": 5
  },
  {
    ""review_id"": 5440,
    ""predicted_stars"": 4
  }
]",True,
"note: the 5 stars i'm giving this place is for their happy hour menu, not the regular menu. if you order off the regular menu no amount of advice can help you.



M&S has to have one of the best happy hours in the world, aside from Spearmint Rhino. $3 drafts and a rotating $2 bar food menu, such as 1/2 lb. burger with fries, hot wings, fish tacos, beef taquitos, etc. don't order the fish chilli though, it tastes like A1 sauce. they got a lot of winners on tap, like kiltlifter, guinness, bass, fat tire, pyramid hefe, etc.



happy hour is from 3p-6p and then again from 9p-11p, which is pure gen",5.0,5.0,"[
  {
    ""review_id"": 8313,
    ""predicted_stars"": 5
  },
  {
    ""review_id"": 3100,
    ""predicted_stars"": 5
  },
  {
    ""review_id"": 5703,
    ""predicted_stars"": 5
  },
  {
    ""review_id"": 3898,
    ""predicted_stars"": 5
  },
  {
    ""review_id"": 5440,
    ""predicted_stars"": 4
  }
]",True,
"Have you ever eaten somewhere and just can't get the craving out of your head and you have to go back!  This is the place that does it to me.  I've decided I need to try everything on their menu!

You have to try the Roasted Turkey and Stuffing it is to DIE for!  And the mac 'n cheese  so yummy.    I've also had the Prosciutto and Fig Jam sandwich and I thought I had died and gone to heaven.  I had that with fruit which was good.  

Guess where I'm going for lunch... yeah there because I need it after doing this review.  :-)  

Oh and before I forget... When the weather is nice sit out side!  ",5.0,5.0,"[
  {
    ""review_id"": 8313,
    ""predicted_stars"": 5
  },
  {
    ""review_id"": 3100,
    ""predicted_stars"": 5
  },
  {
    ""review_id"": 5703,
    ""predicted_stars"": 5
  },
  {
    ""review_id"": 3898,
    ""predicted_stars"": 5
  },
  {
    ""review_id"": 5440,
    ""predicted_stars"": 4
  }
]",True,
"Stopped by for a quick bite on a Saturday afternoon. Did not realize that the place had just opened (or at it appeared that way). Quite crowded with patrons, a bubble machine, and a DJ. 

It was bit loud with all the commotion, but still within reason. The menu is compact, but offered all the usual suspects. I went for the Pulled Pork sandwich with a side of cole slaw. I dumped the cole slaw on top of the pork and went to town on the sandwich. Meat was moist and smoky. The sauce had a hint of of kick. Very tasty.

The service was a bit slow, but the place was pretty much full up so I expected ",4.0,4.0,"[
  {
    ""review_id"": 8313,
    ""predicted_stars"": 5
  },
  {
    ""review_id"": 3100,
    ""predicted_stars"": 5
  },
  {
    ""review_id"": 5703,
    ""predicted_stars"": 5
  },
  {
    ""review_id"": 3898,
    ""predicted_stars"": 5
  },
  {
    ""review_id"": 5440,
    ""predicted_stars"": 4
  }
]",True,
Not exactly what I would call a great place to eat. If you want to take your teenager out for a shake or ice cream you may enjoy it :),2.0,2.0,"[
  {
    ""review_id"": 7930,
    ""predicted_stars"": 2
  },
  {
    ""review_id"": 621,
    ""predicted_stars"": 5
  },
  {
    ""review_id"": 7235,
    ""predicted_stars"": 4
  },
  {
    ""review_id"": 2498,
    ""predicted_stars"": 5
  },
  {
    ""review_id"": 713,
    ""predicted_stars"": 5
  }
]",True,
"Great drinks!!!

Good atmosphere

Fantastic food (the bbq chicken pizza is a must)

Nice people to conversate with

What is not to like?

Oh yes, the creepy guy that kept staring at me. Oh well, he will not be there next time I go...I hope :)",4.0,5.0,"[
  {
    ""review_id"": 7930,
    ""predicted_stars"": 2
  },
  {
    ""review_id"": 621,
    ""predicted_stars"": 5
  },
  {
    ""review_id"": 7235,
    ""predicted_stars"": 4
  },
  {
    ""review_id"": 2498,
    ""predicted_stars"": 5
  },
  {
    ""review_id"": 713,
    ""predicted_stars"": 5
  }
]",True,
"As a fairly new connoisseur of Greek food, this place is pretty good. I like their pita a lot, and the fire feta is quite addicting.  The salad and rice aren't anything to write home about, and I'm not crazy about the tzaziki sauce here (love it other places)... the street gyros were decent, and the tea that they serve here is delicious when mixed with pink lemonade. I wouldn't go out of my way to come here, but I'll be back when I'm in the 'hood.",3.0,4.0,"[
  {
    ""review_id"": 7930,
    ""predicted_stars"": 2
  },
  {
    ""review_id"": 621,
    ""predicted_stars"": 5
  },
  {
    ""review_id"": 7235,
    ""predicted_stars"": 4
  },
  {
    ""review_id"": 2498,
    ""predicted_stars"": 5
  },
  {
    ""review_id"": 713,
    ""predicted_stars"": 5
  }
]",True,
"short leash is awesome! we tried the sample platter and they delivered it to us inside the bar. we were also given an additional sample tray to try for free. everything was delicious and had a very unique take on a common american snack. 

I can't wait until they come back!",5.0,5.0,"[
  {
    ""review_id"": 7930,
    ""predicted_stars"": 2
  },
  {
    ""review_id"": 621,
    ""predicted_stars"": 5
  },
  {
    ""review_id"": 7235,
    ""predicted_stars"": 4
  },
  {
    ""review_id"": 2498,
    ""predicted_stars"": 5
  },
  {
    ""review_id"": 713,
    ""predicted_stars"": 5
  }
]",True,
"Visited the phoenix public market - open air market - farmers market they have on saturday mornings and decided to give mojo bowl a try! They are at the market for food truck fridays also. Check out their website for their usual schedule. They can take cash or credit (with square).

I tried their strawberry banana smoothie and my wife had the Funky Monkey (peanut butter / chocolate blend). They were both great quality with fresh ingrediants. They serve salads, yogurt parfaits, and soup also (which I didn't try) but Ive heard their smoothies was where they shine and they did not dissapoint. Giv",5.0,5.0,"[
  {
    ""review_id"": 7930,
    ""predicted_stars"": 2
  },
  {
    ""review_id"": 621,
    ""predicted_stars"": 5
  },
  {
    ""review_id"": 7235,
    ""predicted_stars"": 4
  },
  {
    ""review_id"": 2498,
    ""predicted_stars"": 5
  },
  {
    ""review_id"": 713,
    ""predicted_stars"": 5
  }
]",True,
"Service - 5 stars (which is so rare). Food 2.5 stars. 
My husband and I are a little picky when it comes to steaks (we eat Morton's and Mastro's) but we wanted to try a new steakplace while visiting Phoenix and Durant's had great reviews. 
When you get to the restaurant, you walk through the kitchen (pretty cool to see everything) then you're greeted by the host. We came for a pretty early dinner and literally every single person - host, kitchen staff, waiter/waitresses greeted us. The decor is pretty cool - kind of burlesque-ish, all walls are a deep red, there are huge vases of roses everywh",3.0,3.0,"[
  {
    ""review_id"": 8403,
    ""predicted_stars"": 3
  },
  {
    ""review_id"": 2855,
    ""predicted_stars"": 5
  },
  {
    ""review_id"": 4269,
    ""predicted_stars"": 5
  },
  {
    ""review_id"": 2908,
    ""predicted_stars"": 4
  },
  {
    ""review_id"": 8080,
    ""predicted_stars"": 5
  }
]",True,
"Had an outstanding lunch here.  The view is amazing, their cheese fondue dip was delicious, and they serve up a tasty burger.

I definitely recommend it and would come back in a heartbeat on my next visit to Phoenix.",4.0,5.0,"[
  {
    ""review_id"": 8403,
    ""predicted_stars"": 3
  },
  {
    ""review_id"": 2855,
    ""predicted_stars"": 5
  },
  {
    ""review_id"": 4269,
    ""predicted_stars"": 5
  },
  {
    ""review_id"": 2908,
    ""predicted_stars"": 4
  },
  {
    ""review_id"": 8080,
    ""predicted_stars"": 5
  }
]",True,
Hybrid class!! Did it a few years back and to this day it's the best workout I've ever had. Will be going back FOR SURE,5.0,5.0,"[
  {
    ""review_id"": 8403,
    ""predicted_stars"": 3
  },
  {
    ""review_id"": 2855,
    ""predicted_stars"": 5
  },
  {
    ""review_id"": 4269,
    ""predicted_stars"": 5
  },
  {
    ""review_id"": 2908,
    ""predicted_stars"": 4
  },
  {
    ""review_id"": 8080,
    ""predicted_stars"": 5
  }
]",True,
"I've swung into Echo a few times and haven't ever had a bad cup of coffee. The cappuccino is pretty solid and the zucchini bread I had for breakfast one day was a win. If I recall correctly it came in a cute little box too.

For some reason I've never been able to feel relaxed and at home enough to chill and enjoy an afternoon or evening there. Not sure why, but just haven't.",3.0,4.0,"[
  {
    ""review_id"": 8403,
    ""predicted_stars"": 3
  },
  {
    ""review_id"": 2855,
    ""predicted_stars"": 5
  },
  {
    ""review_id"": 4269,
    ""predicted_stars"": 5
  },
  {
    ""review_id"": 2908,
    ""predicted_stars"": 4
  },
  {
    ""review_id"": 8080,
    ""predicted_stars"": 5
  }
]",True,
Love this place! Wish we had one here in CA. Great vibe once you walk through that door. Fantastic drinks and goodies!!,5.0,5.0,"[
  {
    ""review_id"": 8403,
    ""predicted_stars"": 3
  },
  {
    ""review_id"": 2855,
    ""predicted_stars"": 5
  },
  {
    ""review_id"": 4269,
    ""predicted_stars"": 5
  },
  {
    ""review_id"": 2908,
    ""predicted_stars"": 4
  },
  {
    ""review_id"": 8080,
    ""predicted_stars"": 5
  }
]",True,
"Well, this is where I got my iPad, and I am hooked of all Apple products.  Yes, they are expensive, but they are so cool.  I am amazed to see little kids playing with the iPads and computers, I am sure they are a lot more tech savvy than me.",4.0,5.0,"[
  {
    ""review_id"": 4516,
    ""predicted_stars"": 5
  },
  {
    ""review_id"": 1261,
    ""predicted_stars"": 5
  },
  {
    ""review_id"": 3160,
    ""predicted_stars"": 4
  },
  {
    ""review_id"": 970,
    ""predicted_stars"": 5
  },
  {
    ""review_id"": 3912,
    ""predicted_stars"": 5
  }
]",True,
"I finally made it to this place after hearing nothing but great reviews from others.  Now I can see why it is held in such high regard.  If you are a fan of Paradise Bakery, this place is better...hands down.  At first glance, it appears to be identical, but on closer look it wins in two important categories.  First, the vast menu blows away the Paradise selection of ""like 3 items""  There are countless sandwhiches, salads, soups and deserts.  Second of all, the prices are incredible.  It is very affordable for the quality and quantity of food.  Finally, the food is excellent.   Not that I have",4.0,5.0,"[
  {
    ""review_id"": 4516,
    ""predicted_stars"": 5
  },
  {
    ""review_id"": 1261,
    ""predicted_stars"": 5
  },
  {
    ""review_id"": 3160,
    ""predicted_stars"": 4
  },
  {
    ""review_id"": 970,
    ""predicted_stars"": 5
  },
  {
    ""review_id"": 3912,
    ""predicted_stars"": 5
  }
]",True,
"The best example North Scottsdale has of traditional Phoenix sonoran mexican food.  Los Olivos restaurants have been around forever - at least since the '60's.  The food is great if not fancy, and the place is pretty free of gimmicks.  You can get your fix of cheese crisps (aka quesadillas for you CA transplants), deep fried tacos, chimichangas, combination plates with so much sauce and cheese you can't tell what's underneath but it all works together to taste so good.  Los Olivos still plops down the free chips and salsa right when you sit down so you're good an full when that combo plate com",3.0,4.0,"[
  {
    ""review_id"": 4516,
    ""predicted_stars"": 5
  },
  {
    ""review_id"": 1261,
    ""predicted_stars"": 5
  },
  {
    ""review_id"": 3160,
    ""predicted_stars"": 4
  },
  {
    ""review_id"": 970,
    ""predicted_stars"": 5
  },
  {
    ""review_id"": 3912,
    ""predicted_stars"": 5
  }
]",True,
"Very good food! We ate some shrimp tacos and macaroni and cheese. They split our tacos up for us and didn't charge for it...the portions were great too!

Our server was friendly as well. Would definitely return!",4.0,5.0,"[
  {
    ""review_id"": 4516,
    ""predicted_stars"": 5
  },
  {
    ""review_id"": 1261,
    ""predicted_stars"": 5
  },
  {
    ""review_id"": 3160,
    ""predicted_stars"": 4
  },
  {
    ""review_id"": 970,
    ""predicted_stars"": 5
  },
  {
    ""review_id"": 3912,
    ""predicted_stars"": 5
  }
]",True,
"When I moved to the Valley, our first place was a rental in Old Town.  The previous tenant/owner generously left a bunch of take-out menus for nearby restaurants.  Defalco's was one of them.  But not being a fan of the sandwich, it took me four years and a move to actually go in.  What a fool I was.  This place is fantastic!  

First off, it's not just a deli, it's an Italian market.  Had I actually read the full name of the place, I might have known that.  It's also got a somewhat extensive selection of wine available for purchase.  So now we've moved from a deli, to a grocer, to a wine shop.",5.0,5.0,"[
  {
    ""review_id"": 4516,
    ""predicted_stars"": 5
  },
  {
    ""review_id"": 1261,
    ""predicted_stars"": 5
  },
  {
    ""review_id"": 3160,
    ""predicted_stars"": 4
  },
  {
    ""review_id"": 970,
    ""predicted_stars"": 5
  },
  {
    ""review_id"": 3912,
    ""predicted_stars"": 5
  }
]",True,
